Composition,Filename,Score,Num_match
mp-10695.cif,RSS_chgnet/CHGNet_relax\mp-10695__SZn\cell\mp-10695_airss_000007_converged.cif,0.0014407988067318027,1
mp-10695.cif,RSS_chgnet/CHGNet_relax\mp-10695__SZn\cell\mp-10695_airss_000008_converged.cif,0.0016958776295565808,2
mp-10695.cif,RSS_chgnet/CHGNet_relax\mp-10695__SZn\cell\mp-10695_airss_000009_converged.cif,0.002527548424991384,3
mp-10695.cif,RSS_chgnet/CHGNet_relax\mp-10695__SZn\cell\mp-10695_airss_000010_converged.cif,0.002814507143111506,4
mp-10695.cif,RSS_chgnet/CHGNet_relax\mp-10695__SZn\cell\mp-10695_airss_000011_converged.cif,0.0019168620529913202,5
mp-10695.cif,RSS_chgnet/CHGNet_relax\mp-10695__SZn\cell\mp-10695_airss_000013_converged.cif,0.0013016338536952015,6
mp-10695.cif,RSS_chgnet/CHGNet_relax\mp-10695__SZn\cell\mp-10695_airss_000014_converged.cif,0.0020153372322847902,7
mp-10695.cif,RSS_chgnet/CHGNet_relax\mp-10695__SZn\cell\mp-10695_airss_000016_converged.cif,0.0018818748364063992,8
mp-10695.cif,RSS_chgnet/CHGNet_relax\mp-10695__SZn\cell\mp-10695_airss_000017_converged.cif,0.0019898351830128203,9
mp-10695.cif,RSS_chgnet/CHGNet_relax\mp-10695__SZn\cell\mp-10695_airss_000019_converged.cif,0.0021367132093613314,10
mp-10695.cif,RSS_chgnet/CHGNet_relax\mp-10695__SZn\cell\mp-10695_airss_000021_converged.cif,0.2620694060655118,11
mp-10695.cif,RSS_chgnet/CHGNet_relax\mp-10695__SZn\cell\mp-10695_airss_000023_converged.cif,0.0019073230706802991,12
mp-10695.cif,RSS_chgnet/CHGNet_relax\mp-10695__SZn\cell\mp-10695_airss_000024_converged.cif,0.000986794270282607,13
mp-10695.cif,RSS_chgnet/CHGNet_relax\mp-10695__SZn\cell\mp-10695_airss_000026_converged.cif,0.0026079269666210276,14
mp-10695.cif,RSS_chgnet/CHGNet_relax\mp-10695__SZn\cell\mp-10695_airss_000027_converged.cif,0.0013336362044695693,15
mp-10695.cif,RSS_chgnet/CHGNet_relax\mp-10695__SZn\cell\mp-10695_airss_000028_converged.cif,0.0012745807186985154,16
mp-10695.cif,RSS_chgnet/CHGNet_relax\mp-10695__SZn\cell\mp-10695_airss_000030_converged.cif,0.003899059790870221,17
mp-10695.cif,RSS_chgnet/CHGNet_relax\mp-10695__SZn\cell\mp-10695_airss_000031_converged.cif,0.0020039045912171698,18
mp-10695.cif,RSS_chgnet/CHGNet_relax\mp-10695__SZn\cell\mp-10695_airss_000033_converged.cif,0.0018583202252809787,19
mp-10695.cif,RSS_chgnet/CHGNet_relax\mp-10695__SZn\cell\mp-10695_airss_000034_converged.cif,0.003654369008157604,20
mp-10695.cif,RSS_chgnet/CHGNet_relax\mp-10695__SZn\cell\mp-10695_airss_000035_converged.cif,0.0024751691912641635,21
mp-10695.cif,RSS_chgnet/CHGNet_relax\mp-10695__SZn\cell\mp-10695_airss_000036_converged.cif,0.0032286413029031756,22
mp-10695.cif,RSS_chgnet/CHGNet_relax\mp-10695__SZn\cell\mp-10695_airss_000037_converged.cif,0.0018240956952631346,23
mp-10695.cif,RSS_chgnet/CHGNet_relax\mp-10695__SZn\cell\mp-10695_airss_000040_converged.cif,0.002988733733769023,24
mp-10695.cif,RSS_chgnet/CHGNet_relax\mp-10695__SZn\cell\mp-10695_airss_000041_converged.cif,0.0016582719531383096,25
mp-10695.cif,RSS_chgnet/CHGNet_relax\mp-10695__SZn\cell\mp-10695_airss_000045_converged.cif,0.0007292820875387263,26
mp-10695.cif,RSS_chgnet/CHGNet_relax\mp-10695__SZn\cell\mp-10695_airss_000047_converged.cif,0.0033529163974304046,27
mp-10695.cif,RSS_chgnet/CHGNet_relax\mp-10695__SZn\cell\mp-10695_airss_000050_converged.cif,0.004396676487612037,28
mp-10695.cif,RSS_chgnet/CHGNet_relax\mp-10695__SZn\cell\mp-10695_airss_000051_converged.cif,0.0015908756186644663,29
mp-10695.cif,RSS_chgnet/CHGNet_relax\mp-10695__SZn\cell\mp-10695_airss_000053_converged.cif,0.0024751914788283024,30
mp-10695.cif,RSS_chgnet/CHGNet_relax\mp-10695__SZn\cell\mp-10695_airss_000054_converged.cif,0.002196903073138699,31
mp-10695.cif,RSS_chgnet/CHGNet_relax\mp-10695__SZn\cell\mp-10695_airss_000055_converged.cif,0.0022838113223904153,32
mp-10695.cif,RSS_chgnet/CHGNet_relax\mp-10695__SZn\cell\mp-10695_airss_000056_converged.cif,0.0017425398284471943,33
mp-10695.cif,RSS_chgnet/CHGNet_relax\mp-10695__SZn\cell\mp-10695_airss_000058_converged.cif,0.004012532576254563,34
mp-10695.cif,RSS_chgnet/CHGNet_relax\mp-10695__SZn\cell\mp-10695_airss_000061_converged.cif,0.003910577052371579,35
mp-10695.cif,RSS_chgnet/CHGNet_relax\mp-10695__SZn\cell\mp-10695_airss_000062_converged.cif,0.0031743594892108267,36
mp-10695.cif,RSS_chgnet/CHGNet_relax\mp-10695__SZn\cell\mp-10695_airss_000067_converged.cif,0.0018232459449462998,37
mp-10695.cif,RSS_chgnet/CHGNet_relax\mp-10695__SZn\cell\mp-10695_airss_000074_converged.cif,0.0014565562823010828,38
mp-10695.cif,RSS_chgnet/CHGNet_relax\mp-10695__SZn\cell\mp-10695_airss_000075_converged.cif,0.002010833799889056,39
mp-10695.cif,RSS_chgnet/CHGNet_relax\mp-10695__SZn\cell\mp-10695_airss_000076_converged.cif,0.0013105028446599178,40
mp-10695.cif,RSS_chgnet/CHGNet_relax\mp-10695__SZn\cell\mp-10695_airss_000081_converged.cif,0.0031044418836137892,41
mp-10695.cif,RSS_chgnet/CHGNet_relax\mp-10695__SZn\cell\mp-10695_airss_000082_converged.cif,0.0030345635702187,42
mp-10695.cif,RSS_chgnet/CHGNet_relax\mp-10695__SZn\cell\mp-10695_airss_000084_converged.cif,0.0013162086076227541,43
mp-10695.cif,RSS_chgnet/CHGNet_relax\mp-10695__SZn\cell\mp-10695_airss_000086_converged.cif,0.004616910723589189,44
mp-10695.cif,RSS_chgnet/CHGNet_relax\mp-10695__SZn\cell\mp-10695_airss_000089_converged.cif,0.0016235958721588272,45
mp-10695.cif,RSS_chgnet/CHGNet_relax\mp-10695__SZn\cell\mp-10695_airss_000091_converged.cif,0.0028321796014464276,46
mp-10695.cif,RSS_chgnet/CHGNet_relax\mp-10695__SZn\cell\mp-10695_airss_000093_converged.cif,0.002761234999606596,47
mp-10695.cif,RSS_chgnet/CHGNet_relax\mp-10695__SZn\cell\mp-10695_airss_000098_converged.cif,0.003648150156522413,48
mp-10695.cif,RSS_chgnet/CHGNet_relax\mp-10695__SZn\cell\mp-10695_airss_000100_converged.cif,0.002480164354025263,49
mp-1087.cif,RSS_chgnet/CHGNet_relax\mp-1087__SSr\cell\mp-1087_airss_000005_converged.cif,0.006671551538909023,1
mp-1087.cif,RSS_chgnet/CHGNet_relax\mp-1087__SSr\cell\mp-1087_airss_000008_converged.cif,0.005971065704132546,2
mp-1087.cif,RSS_chgnet/CHGNet_relax\mp-1087__SSr\cell\mp-1087_airss_000009_converged.cif,0.007176493367557533,3
mp-1087.cif,RSS_chgnet/CHGNet_relax\mp-1087__SSr\cell\mp-1087_airss_000011_converged.cif,0.0017051939867522318,4
mp-1087.cif,RSS_chgnet/CHGNet_relax\mp-1087__SSr\cell\mp-1087_airss_000013_converged.cif,0.003196540688375141,5
mp-1087.cif,RSS_chgnet/CHGNet_relax\mp-1087__SSr\cell\mp-1087_airss_000016_converged.cif,0.007850479018941243,6
mp-1087.cif,RSS_chgnet/CHGNet_relax\mp-1087__SSr\cell\mp-1087_airss_000020_converged.cif,0.007075882286471124,7
mp-1087.cif,RSS_chgnet/CHGNet_relax\mp-1087__SSr\cell\mp-1087_airss_000022_converged.cif,0.010493840136137807,8
mp-1087.cif,RSS_chgnet/CHGNet_relax\mp-1087__SSr\cell\mp-1087_airss_000026_converged.cif,0.008104778613445824,9
mp-1087.cif,RSS_chgnet/CHGNet_relax\mp-1087__SSr\cell\mp-1087_airss_000035_converged.cif,0.0051994989696130586,10
mp-1087.cif,RSS_chgnet/CHGNet_relax\mp-1087__SSr\cell\mp-1087_airss_000036_converged.cif,0.00815628209550405,11
mp-1087.cif,RSS_chgnet/CHGNet_relax\mp-1087__SSr\cell\mp-1087_airss_000040_converged.cif,0.01065539588752941,12
mp-1087.cif,RSS_chgnet/CHGNet_relax\mp-1087__SSr\cell\mp-1087_airss_000041_converged.cif,0.011148073952271747,13
mp-1087.cif,RSS_chgnet/CHGNet_relax\mp-1087__SSr\cell\mp-1087_airss_000050_converged.cif,0.008595299217974252,14
mp-1087.cif,RSS_chgnet/CHGNet_relax\mp-1087__SSr\cell\mp-1087_airss_000051_converged.cif,0.0060120952242824184,15
mp-1087.cif,RSS_chgnet/CHGNet_relax\mp-1087__SSr\cell\mp-1087_airss_000052_converged.cif,0.0018718727561312374,16
mp-1087.cif,RSS_chgnet/CHGNet_relax\mp-1087__SSr\cell\mp-1087_airss_000054_converged.cif,0.004696815178888324,17
mp-1087.cif,RSS_chgnet/CHGNet_relax\mp-1087__SSr\cell\mp-1087_airss_000059_converged.cif,0.005758259192468587,18
mp-1087.cif,RSS_chgnet/CHGNet_relax\mp-1087__SSr\cell\mp-1087_airss_000061_converged.cif,0.007847423053760879,19
mp-1087.cif,RSS_chgnet/CHGNet_relax\mp-1087__SSr\cell\mp-1087_airss_000063_converged.cif,0.005007373518438334,20
mp-1087.cif,RSS_chgnet/CHGNet_relax\mp-1087__SSr\cell\mp-1087_airss_000065_converged.cif,0.010901738333059125,21
mp-1087.cif,RSS_chgnet/CHGNet_relax\mp-1087__SSr\cell\mp-1087_airss_000067_converged.cif,0.00205692253730866,22
mp-1087.cif,RSS_chgnet/CHGNet_relax\mp-1087__SSr\cell\mp-1087_airss_000068_converged.cif,0.004149612263292069,23
mp-1087.cif,RSS_chgnet/CHGNet_relax\mp-1087__SSr\cell\mp-1087_airss_000071_converged.cif,0.005668192694811739,24
mp-1087.cif,RSS_chgnet/CHGNet_relax\mp-1087__SSr\cell\mp-1087_airss_000075_converged.cif,0.002741221708002866,25
mp-1087.cif,RSS_chgnet/CHGNet_relax\mp-1087__SSr\cell\mp-1087_airss_000079_converged.cif,0.0036663198528621645,26
mp-1087.cif,RSS_chgnet/CHGNet_relax\mp-1087__SSr\cell\mp-1087_airss_000083_converged.cif,0.013419197023214882,27
mp-1087.cif,RSS_chgnet/CHGNet_relax\mp-1087__SSr\cell\mp-1087_airss_000091_converged.cif,0.0076072863095837445,28
mp-1087.cif,RSS_chgnet/CHGNet_relax\mp-1087__SSr\cell\mp-1087_airss_000092_converged.cif,0.007154328621879789,29
mp-1132.cif,RSS_chgnet/CHGNet_relax\mp-1132__CdO\cell\mp-1132_airss_000002_converged.cif,0.1023044670870542,1
mp-1132.cif,RSS_chgnet/CHGNet_relax\mp-1132__CdO\cell\mp-1132_airss_000007_converged.cif,0.09979970749488308,2
mp-1132.cif,RSS_chgnet/CHGNet_relax\mp-1132__CdO\cell\mp-1132_airss_000008_converged.cif,0.09894763258943584,3
mp-1132.cif,RSS_chgnet/CHGNet_relax\mp-1132__CdO\cell\mp-1132_airss_000010_converged.cif,0.10745645631407803,4
mp-1132.cif,RSS_chgnet/CHGNet_relax\mp-1132__CdO\cell\mp-1132_airss_000013_converged.cif,0.010945927319941217,5
mp-1132.cif,RSS_chgnet/CHGNet_relax\mp-1132__CdO\cell\mp-1132_airss_000018_converged.cif,0.10521885110075484,6
mp-1132.cif,RSS_chgnet/CHGNet_relax\mp-1132__CdO\cell\mp-1132_airss_000021_converged.cif,0.0992043945807367,7
mp-1132.cif,RSS_chgnet/CHGNet_relax\mp-1132__CdO\cell\mp-1132_airss_000022_converged.cif,0.10143019995436729,8
mp-1132.cif,RSS_chgnet/CHGNet_relax\mp-1132__CdO\cell\mp-1132_airss_000026_converged.cif,0.09560706585516736,9
mp-1132.cif,RSS_chgnet/CHGNet_relax\mp-1132__CdO\cell\mp-1132_airss_000028_converged.cif,0.10298252211406805,10
mp-1132.cif,RSS_chgnet/CHGNet_relax\mp-1132__CdO\cell\mp-1132_airss_000029_converged.cif,0.012945167467448572,11
mp-1132.cif,RSS_chgnet/CHGNet_relax\mp-1132__CdO\cell\mp-1132_airss_000034_converged.cif,0.10277775639160604,12
mp-1132.cif,RSS_chgnet/CHGNet_relax\mp-1132__CdO\cell\mp-1132_airss_000036_converged.cif,0.09432717530544672,13
mp-1132.cif,RSS_chgnet/CHGNet_relax\mp-1132__CdO\cell\mp-1132_airss_000040_converged.cif,0.08591956375876905,14
mp-1132.cif,RSS_chgnet/CHGNet_relax\mp-1132__CdO\cell\mp-1132_airss_000043_converged.cif,0.0461376985705889,15
mp-1132.cif,RSS_chgnet/CHGNet_relax\mp-1132__CdO\cell\mp-1132_airss_000044_converged.cif,0.10600014808079204,16
mp-1132.cif,RSS_chgnet/CHGNet_relax\mp-1132__CdO\cell\mp-1132_airss_000047_converged.cif,0.09993573607841523,17
mp-1132.cif,RSS_chgnet/CHGNet_relax\mp-1132__CdO\cell\mp-1132_airss_000050_converged.cif,0.09341953443358655,18
mp-1132.cif,RSS_chgnet/CHGNet_relax\mp-1132__CdO\cell\mp-1132_airss_000052_converged.cif,0.09731092231756197,19
mp-1132.cif,RSS_chgnet/CHGNet_relax\mp-1132__CdO\cell\mp-1132_airss_000053_converged.cif,0.10016902004010395,20
mp-1132.cif,RSS_chgnet/CHGNet_relax\mp-1132__CdO\cell\mp-1132_airss_000058_converged.cif,0.10203238869780436,21
mp-1132.cif,RSS_chgnet/CHGNet_relax\mp-1132__CdO\cell\mp-1132_airss_000060_converged.cif,0.09845420121366201,22
mp-1132.cif,RSS_chgnet/CHGNet_relax\mp-1132__CdO\cell\mp-1132_airss_000061_converged.cif,0.09286620240425103,23
mp-1132.cif,RSS_chgnet/CHGNet_relax\mp-1132__CdO\cell\mp-1132_airss_000062_converged.cif,0.0951624326654283,24
mp-1132.cif,RSS_chgnet/CHGNet_relax\mp-1132__CdO\cell\mp-1132_airss_000066_converged.cif,0.050214322819436885,25
mp-1132.cif,RSS_chgnet/CHGNet_relax\mp-1132__CdO\cell\mp-1132_airss_000068_converged.cif,0.058492131587640266,26
mp-1132.cif,RSS_chgnet/CHGNet_relax\mp-1132__CdO\cell\mp-1132_airss_000069_converged.cif,0.09931030073647579,27
mp-1132.cif,RSS_chgnet/CHGNet_relax\mp-1132__CdO\cell\mp-1132_airss_000072_converged.cif,0.10130208892340711,28
mp-1132.cif,RSS_chgnet/CHGNet_relax\mp-1132__CdO\cell\mp-1132_airss_000081_converged.cif,0.1031649715446635,29
mp-1132.cif,RSS_chgnet/CHGNet_relax\mp-1132__CdO\cell\mp-1132_airss_000085_converged.cif,0.10542411244410207,30
mp-1132.cif,RSS_chgnet/CHGNet_relax\mp-1132__CdO\cell\mp-1132_airss_000086_converged.cif,0.014433127322172279,31
mp-1132.cif,RSS_chgnet/CHGNet_relax\mp-1132__CdO\cell\mp-1132_airss_000091_converged.cif,0.043635724196600334,32
mp-1132.cif,RSS_chgnet/CHGNet_relax\mp-1132__CdO\cell\mp-1132_airss_000092_converged.cif,0.09334566670012842,33
mp-1132.cif,RSS_chgnet/CHGNet_relax\mp-1132__CdO\cell\mp-1132_airss_000094_converged.cif,0.10106897830747726,34
mp-1132.cif,RSS_chgnet/CHGNet_relax\mp-1132__CdO\cell\mp-1132_airss_000098_converged.cif,0.006710456568482119,35
mp-1132.cif,RSS_chgnet/CHGNet_relax\mp-1132__CdO\cell\mp-1132_airss_000099_converged.cif,0.10400493756499733,36
mp-1138.cif,RSS_chgnet/CHGNet_relax\mp-1138__FLi\cell\mp-1138_airss_000002_converged.cif,0.04828845464154333,1
mp-1138.cif,RSS_chgnet/CHGNet_relax\mp-1138__FLi\cell\mp-1138_airss_000018_converged.cif,0.052661004587015385,2
mp-1138.cif,RSS_chgnet/CHGNet_relax\mp-1138__FLi\cell\mp-1138_airss_000031_converged.cif,0.017666907591616893,3
mp-1138.cif,RSS_chgnet/CHGNet_relax\mp-1138__FLi\cell\mp-1138_airss_000034_converged.cif,0.09651731243845871,4
mp-1138.cif,RSS_chgnet/CHGNet_relax\mp-1138__FLi\cell\mp-1138_airss_000045_converged.cif,0.013771153837278186,5
mp-1138.cif,RSS_chgnet/CHGNet_relax\mp-1138__FLi\cell\mp-1138_airss_000052_converged.cif,0.010523578942498116,6
mp-1138.cif,RSS_chgnet/CHGNet_relax\mp-1138__FLi\cell\mp-1138_airss_000055_converged.cif,0.09704347980642825,7
mp-1138.cif,RSS_chgnet/CHGNet_relax\mp-1138__FLi\cell\mp-1138_airss_000074_converged.cif,0.025686491467477608,8
mp-1138.cif,RSS_chgnet/CHGNet_relax\mp-1138__FLi\cell\mp-1138_airss_000078_converged.cif,0.03822253689139064,9
mp-1138.cif,RSS_chgnet/CHGNet_relax\mp-1138__FLi\cell\mp-1138_airss_000092_converged.cif,0.008681033011690795,10
mp-1138.cif,RSS_chgnet/CHGNet_relax\mp-1138__FLi\cell\mp-1138_airss_000099_converged.cif,0.01738743250444533,11
mp-1265.cif,RSS_chgnet/CHGNet_relax\mp-1265__MgO\cell\mp-1265_airss_000001_converged.cif,0.002450319176135502,1
mp-1265.cif,RSS_chgnet/CHGNet_relax\mp-1265__MgO\cell\mp-1265_airss_000008_converged.cif,0.0037032985428271043,2
mp-1265.cif,RSS_chgnet/CHGNet_relax\mp-1265__MgO\cell\mp-1265_airss_000010_converged.cif,0.008164992659258713,3
mp-1265.cif,RSS_chgnet/CHGNet_relax\mp-1265__MgO\cell\mp-1265_airss_000013_converged.cif,0.0020126445336275576,4
mp-1265.cif,RSS_chgnet/CHGNet_relax\mp-1265__MgO\cell\mp-1265_airss_000014_converged.cif,0.0037742625246080744,5
mp-1265.cif,RSS_chgnet/CHGNet_relax\mp-1265__MgO\cell\mp-1265_airss_000018_converged.cif,0.0026165333347207146,6
mp-1265.cif,RSS_chgnet/CHGNet_relax\mp-1265__MgO\cell\mp-1265_airss_000019_converged.cif,0.004821434892114692,7
mp-1265.cif,RSS_chgnet/CHGNet_relax\mp-1265__MgO\cell\mp-1265_airss_000027_converged.cif,0.0055108166542421145,8
mp-1265.cif,RSS_chgnet/CHGNet_relax\mp-1265__MgO\cell\mp-1265_airss_000031_converged.cif,0.0021067082533781263,9
mp-1265.cif,RSS_chgnet/CHGNet_relax\mp-1265__MgO\cell\mp-1265_airss_000033_converged.cif,0.0036816390277440696,10
mp-1265.cif,RSS_chgnet/CHGNet_relax\mp-1265__MgO\cell\mp-1265_airss_000034_converged.cif,0.010045405936239574,11
mp-1265.cif,RSS_chgnet/CHGNet_relax\mp-1265__MgO\cell\mp-1265_airss_000036_converged.cif,0.0035152249449850433,12
mp-1265.cif,RSS_chgnet/CHGNet_relax\mp-1265__MgO\cell\mp-1265_airss_000037_converged.cif,0.0026320911884728463,13
mp-1265.cif,RSS_chgnet/CHGNet_relax\mp-1265__MgO\cell\mp-1265_airss_000039_converged.cif,0.004549548365890518,14
mp-1265.cif,RSS_chgnet/CHGNet_relax\mp-1265__MgO\cell\mp-1265_airss_000040_converged.cif,0.0024717020557509873,15
mp-1265.cif,RSS_chgnet/CHGNet_relax\mp-1265__MgO\cell\mp-1265_airss_000044_converged.cif,0.004334709591312662,16
mp-1265.cif,RSS_chgnet/CHGNet_relax\mp-1265__MgO\cell\mp-1265_airss_000047_converged.cif,0.006294800057293847,17
mp-1265.cif,RSS_chgnet/CHGNet_relax\mp-1265__MgO\cell\mp-1265_airss_000051_converged.cif,0.007023668695245966,18
mp-1265.cif,RSS_chgnet/CHGNet_relax\mp-1265__MgO\cell\mp-1265_airss_000063_converged.cif,0.0027570398124095105,19
mp-1265.cif,RSS_chgnet/CHGNet_relax\mp-1265__MgO\cell\mp-1265_airss_000065_converged.cif,0.00363808460152775,20
mp-1265.cif,RSS_chgnet/CHGNet_relax\mp-1265__MgO\cell\mp-1265_airss_000066_converged.cif,0.0012443410018038244,21
mp-1265.cif,RSS_chgnet/CHGNet_relax\mp-1265__MgO\cell\mp-1265_airss_000068_converged.cif,0.004713346518476767,22
mp-1265.cif,RSS_chgnet/CHGNet_relax\mp-1265__MgO\cell\mp-1265_airss_000069_converged.cif,0.005688120012465278,23
mp-1265.cif,RSS_chgnet/CHGNet_relax\mp-1265__MgO\cell\mp-1265_airss_000072_converged.cif,0.0028445952405162012,24
mp-1265.cif,RSS_chgnet/CHGNet_relax\mp-1265__MgO\cell\mp-1265_airss_000075_converged.cif,0.004316382986487123,25
mp-1265.cif,RSS_chgnet/CHGNet_relax\mp-1265__MgO\cell\mp-1265_airss_000078_converged.cif,0.0019554472953314797,26
mp-1265.cif,RSS_chgnet/CHGNet_relax\mp-1265__MgO\cell\mp-1265_airss_000079_converged.cif,0.0049581512918210465,27
mp-1265.cif,RSS_chgnet/CHGNet_relax\mp-1265__MgO\cell\mp-1265_airss_000080_converged.cif,0.0025777362721115878,28
mp-1265.cif,RSS_chgnet/CHGNet_relax\mp-1265__MgO\cell\mp-1265_airss_000081_converged.cif,0.004493343336225662,29
mp-1265.cif,RSS_chgnet/CHGNet_relax\mp-1265__MgO\cell\mp-1265_airss_000082_converged.cif,0.0014638337098492908,30
mp-1265.cif,RSS_chgnet/CHGNet_relax\mp-1265__MgO\cell\mp-1265_airss_000085_converged.cif,0.0016054131868888282,31
mp-1265.cif,RSS_chgnet/CHGNet_relax\mp-1265__MgO\cell\mp-1265_airss_000095_converged.cif,0.00651842167679521,32
mp-1265.cif,RSS_chgnet/CHGNet_relax\mp-1265__MgO\cell\mp-1265_airss_000096_converged.cif,0.0019226594115111628,33
mp-1265.cif,RSS_chgnet/CHGNet_relax\mp-1265__MgO\cell\mp-1265_airss_000098_converged.cif,0.002382756246630104,34
mp-1315.cif,RSS_chgnet/CHGNet_relax\mp-1315__MgS\cell\mp-1315_airss_000001_converged.cif,0.0033971904345662884,1
mp-1315.cif,RSS_chgnet/CHGNet_relax\mp-1315__MgS\cell\mp-1315_airss_000002_converged.cif,0.07988195465642717,2
mp-1315.cif,RSS_chgnet/CHGNet_relax\mp-1315__MgS\cell\mp-1315_airss_000004_converged.cif,0.08201676150857273,3
mp-1315.cif,RSS_chgnet/CHGNet_relax\mp-1315__MgS\cell\mp-1315_airss_000009_converged.cif,0.0063152053410258525,4
mp-1315.cif,RSS_chgnet/CHGNet_relax\mp-1315__MgS\cell\mp-1315_airss_000014_converged.cif,0.005438898253667228,5
mp-1315.cif,RSS_chgnet/CHGNet_relax\mp-1315__MgS\cell\mp-1315_airss_000018_converged.cif,0.01067626063615376,6
mp-1315.cif,RSS_chgnet/CHGNet_relax\mp-1315__MgS\cell\mp-1315_airss_000021_converged.cif,0.00400917872433716,7
mp-1315.cif,RSS_chgnet/CHGNet_relax\mp-1315__MgS\cell\mp-1315_airss_000029_converged.cif,0.07810404303668032,8
mp-1315.cif,RSS_chgnet/CHGNet_relax\mp-1315__MgS\cell\mp-1315_airss_000037_converged.cif,0.010577722728656884,9
mp-1315.cif,RSS_chgnet/CHGNet_relax\mp-1315__MgS\cell\mp-1315_airss_000038_converged.cif,0.002585824972751272,10
mp-1315.cif,RSS_chgnet/CHGNet_relax\mp-1315__MgS\cell\mp-1315_airss_000040_converged.cif,0.0059033424286650885,11
mp-1315.cif,RSS_chgnet/CHGNet_relax\mp-1315__MgS\cell\mp-1315_airss_000041_converged.cif,0.002805454669148568,12
mp-1315.cif,RSS_chgnet/CHGNet_relax\mp-1315__MgS\cell\mp-1315_airss_000042_converged.cif,0.00418539359330863,13
mp-1315.cif,RSS_chgnet/CHGNet_relax\mp-1315__MgS\cell\mp-1315_airss_000048_converged.cif,0.0016481413446578447,14
mp-1315.cif,RSS_chgnet/CHGNet_relax\mp-1315__MgS\cell\mp-1315_airss_000053_converged.cif,0.08595491036738548,15
mp-1315.cif,RSS_chgnet/CHGNet_relax\mp-1315__MgS\cell\mp-1315_airss_000054_converged.cif,0.00514215814587278,16
mp-1315.cif,RSS_chgnet/CHGNet_relax\mp-1315__MgS\cell\mp-1315_airss_000055_converged.cif,0.0042922946723436845,17
mp-1315.cif,RSS_chgnet/CHGNet_relax\mp-1315__MgS\cell\mp-1315_airss_000056_converged.cif,0.003068964874507607,18
mp-1315.cif,RSS_chgnet/CHGNet_relax\mp-1315__MgS\cell\mp-1315_airss_000060_converged.cif,0.010101577512185964,19
mp-1315.cif,RSS_chgnet/CHGNet_relax\mp-1315__MgS\cell\mp-1315_airss_000062_converged.cif,0.0024476631395618266,20
mp-1315.cif,RSS_chgnet/CHGNet_relax\mp-1315__MgS\cell\mp-1315_airss_000063_converged.cif,0.007034497431188917,21
mp-1315.cif,RSS_chgnet/CHGNet_relax\mp-1315__MgS\cell\mp-1315_airss_000067_converged.cif,0.004405924104820462,22
mp-1315.cif,RSS_chgnet/CHGNet_relax\mp-1315__MgS\cell\mp-1315_airss_000068_converged.cif,0.06874154190239709,23
mp-1315.cif,RSS_chgnet/CHGNet_relax\mp-1315__MgS\cell\mp-1315_airss_000071_converged.cif,0.007804711318182268,24
mp-1315.cif,RSS_chgnet/CHGNet_relax\mp-1315__MgS\cell\mp-1315_airss_000072_converged.cif,0.0026120453036939753,25
mp-1315.cif,RSS_chgnet/CHGNet_relax\mp-1315__MgS\cell\mp-1315_airss_000076_converged.cif,0.0037456280887719446,26
mp-1315.cif,RSS_chgnet/CHGNet_relax\mp-1315__MgS\cell\mp-1315_airss_000079_converged.cif,0.005080269908688689,27
mp-1315.cif,RSS_chgnet/CHGNet_relax\mp-1315__MgS\cell\mp-1315_airss_000086_converged.cif,0.008180792150305432,28
mp-1315.cif,RSS_chgnet/CHGNet_relax\mp-1315__MgS\cell\mp-1315_airss_000088_converged.cif,0.0032352945392074175,29
mp-1315.cif,RSS_chgnet/CHGNet_relax\mp-1315__MgS\cell\mp-1315_airss_000089_converged.cif,0.004814363577770969,30
mp-1315.cif,RSS_chgnet/CHGNet_relax\mp-1315__MgS\cell\mp-1315_airss_000091_converged.cif,0.007899571161064638,31
mp-1315.cif,RSS_chgnet/CHGNet_relax\mp-1315__MgS\cell\mp-1315_airss_000092_converged.cif,0.06765240200899802,32
mp-1315.cif,RSS_chgnet/CHGNet_relax\mp-1315__MgS\cell\mp-1315_airss_000098_converged.cif,0.007332846289427106,33
mp-1342.cif,RSS_chgnet/CHGNet_relax\mp-1342__BaO\cell\mp-1342_airss_000016_converged.cif,0.03046422195504432,1
mp-1342.cif,RSS_chgnet/CHGNet_relax\mp-1342__BaO\cell\mp-1342_airss_000019_converged.cif,0.03870576529064242,2
mp-1342.cif,RSS_chgnet/CHGNet_relax\mp-1342__BaO\cell\mp-1342_airss_000020_converged.cif,0.029889428122931362,3
mp-1342.cif,RSS_chgnet/CHGNet_relax\mp-1342__BaO\cell\mp-1342_airss_000021_converged.cif,0.03297561458205374,4
mp-1342.cif,RSS_chgnet/CHGNet_relax\mp-1342__BaO\cell\mp-1342_airss_000023_converged.cif,0.0330096202614161,5
mp-1342.cif,RSS_chgnet/CHGNet_relax\mp-1342__BaO\cell\mp-1342_airss_000024_converged.cif,0.036387330342569205,6
mp-1342.cif,RSS_chgnet/CHGNet_relax\mp-1342__BaO\cell\mp-1342_airss_000026_converged.cif,0.03384423733460557,7
mp-1342.cif,RSS_chgnet/CHGNet_relax\mp-1342__BaO\cell\mp-1342_airss_000027_converged.cif,0.03461045162279548,8
mp-1342.cif,RSS_chgnet/CHGNet_relax\mp-1342__BaO\cell\mp-1342_airss_000029_converged.cif,0.035884745970707545,9
mp-1342.cif,RSS_chgnet/CHGNet_relax\mp-1342__BaO\cell\mp-1342_airss_000034_converged.cif,0.029437025763608342,10
mp-1342.cif,RSS_chgnet/CHGNet_relax\mp-1342__BaO\cell\mp-1342_airss_000037_converged.cif,0.035564317520578745,11
mp-1342.cif,RSS_chgnet/CHGNet_relax\mp-1342__BaO\cell\mp-1342_airss_000039_converged.cif,0.03586435038604939,12
mp-1342.cif,RSS_chgnet/CHGNet_relax\mp-1342__BaO\cell\mp-1342_airss_000047_converged.cif,0.036724124311164404,13
mp-1342.cif,RSS_chgnet/CHGNet_relax\mp-1342__BaO\cell\mp-1342_airss_000057_converged.cif,0.03726432248613226,14
mp-1342.cif,RSS_chgnet/CHGNet_relax\mp-1342__BaO\cell\mp-1342_airss_000063_converged.cif,0.03144339769731205,15
mp-1342.cif,RSS_chgnet/CHGNet_relax\mp-1342__BaO\cell\mp-1342_airss_000064_converged.cif,0.04212816741488801,16
mp-1342.cif,RSS_chgnet/CHGNet_relax\mp-1342__BaO\cell\mp-1342_airss_000068_converged.cif,0.03510122535397672,17
mp-1342.cif,RSS_chgnet/CHGNet_relax\mp-1342__BaO\cell\mp-1342_airss_000070_converged.cif,0.027280847195172778,18
mp-1342.cif,RSS_chgnet/CHGNet_relax\mp-1342__BaO\cell\mp-1342_airss_000071_converged.cif,0.040032704266366424,19
mp-1342.cif,RSS_chgnet/CHGNet_relax\mp-1342__BaO\cell\mp-1342_airss_000075_converged.cif,0.028994316882091604,20
mp-1342.cif,RSS_chgnet/CHGNet_relax\mp-1342__BaO\cell\mp-1342_airss_000079_converged.cif,0.03606213703247194,21
mp-1342.cif,RSS_chgnet/CHGNet_relax\mp-1342__BaO\cell\mp-1342_airss_000080_converged.cif,0.036570127332001476,22
mp-1342.cif,RSS_chgnet/CHGNet_relax\mp-1342__BaO\cell\mp-1342_airss_000088_converged.cif,0.02372650263899414,23
mp-1342.cif,RSS_chgnet/CHGNet_relax\mp-1342__BaO\cell\mp-1342_airss_000096_converged.cif,0.03914662160913103,24
mp-1342.cif,RSS_chgnet/CHGNet_relax\mp-1342__BaO\cell\mp-1342_airss_000099_converged.cif,0.030487176095275452,25
mp-149.cif,RSS_chgnet/CHGNet_relax\mp-149__Si2\cell\mp-149_airss_000013_converged.cif,0.0008155889884115756,1
mp-149.cif,RSS_chgnet/CHGNet_relax\mp-149__Si2\cell\mp-149_airss_000023_converged.cif,0.00040064404563575263,2
mp-149.cif,RSS_chgnet/CHGNet_relax\mp-149__Si2\cell\mp-149_airss_000025_converged.cif,0.0008694236583715678,3
mp-149.cif,RSS_chgnet/CHGNet_relax\mp-149__Si2\cell\mp-149_airss_000028_converged.cif,0.17289169101568544,4
mp-149.cif,RSS_chgnet/CHGNet_relax\mp-149__Si2\cell\mp-149_airss_000031_converged.cif,0.001116341927585686,5
mp-149.cif,RSS_chgnet/CHGNet_relax\mp-149__Si2\cell\mp-149_airss_000035_converged.cif,0.0006402726785409265,6
mp-149.cif,RSS_chgnet/CHGNet_relax\mp-149__Si2\cell\mp-149_airss_000037_converged.cif,0.00033684547643443753,7
mp-149.cif,RSS_chgnet/CHGNet_relax\mp-149__Si2\cell\mp-149_airss_000046_converged.cif,0.0012691204196923138,8
mp-149.cif,RSS_chgnet/CHGNet_relax\mp-149__Si2\cell\mp-149_airss_000060_converged.cif,0.0016240801406540084,9
mp-149.cif,RSS_chgnet/CHGNet_relax\mp-149__Si2\cell\mp-149_airss_000085_converged.cif,0.00089358414057229,10
mp-149.cif,RSS_chgnet/CHGNet_relax\mp-149__Si2\cell\mp-149_airss_000087_converged.cif,0.0014424540479834212,11
mp-149.cif,RSS_chgnet/CHGNet_relax\mp-149__Si2\cell\mp-149_airss_000097_converged.cif,0.0006938143776902548,12
mp-1500.cif,RSS_chgnet/CHGNet_relax\mp-1500__BaS\cell\mp-1500_airss_000002_converged.cif,0.004894019568842332,1
mp-1500.cif,RSS_chgnet/CHGNet_relax\mp-1500__BaS\cell\mp-1500_airss_000004_converged.cif,0.0011441991863817584,2
mp-1500.cif,RSS_chgnet/CHGNet_relax\mp-1500__BaS\cell\mp-1500_airss_000035_converged.cif,0.00531618165683001,3
mp-1500.cif,RSS_chgnet/CHGNet_relax\mp-1500__BaS\cell\mp-1500_airss_000037_converged.cif,0.004291514997706254,4
mp-1500.cif,RSS_chgnet/CHGNet_relax\mp-1500__BaS\cell\mp-1500_airss_000040_converged.cif,0.008853170835967905,5
mp-1500.cif,RSS_chgnet/CHGNet_relax\mp-1500__BaS\cell\mp-1500_airss_000041_converged.cif,0.0013228332069375756,6
mp-1500.cif,RSS_chgnet/CHGNet_relax\mp-1500__BaS\cell\mp-1500_airss_000042_converged.cif,0.004664190305097955,7
mp-1500.cif,RSS_chgnet/CHGNet_relax\mp-1500__BaS\cell\mp-1500_airss_000046_converged.cif,0.010523239298155733,8
mp-1500.cif,RSS_chgnet/CHGNet_relax\mp-1500__BaS\cell\mp-1500_airss_000051_converged.cif,0.00459850202533427,9
mp-1500.cif,RSS_chgnet/CHGNet_relax\mp-1500__BaS\cell\mp-1500_airss_000052_converged.cif,0.006692547074633447,10
mp-1500.cif,RSS_chgnet/CHGNet_relax\mp-1500__BaS\cell\mp-1500_airss_000062_converged.cif,0.010443116908158804,11
mp-1500.cif,RSS_chgnet/CHGNet_relax\mp-1500__BaS\cell\mp-1500_airss_000070_converged.cif,0.01007166625123671,12
mp-1500.cif,RSS_chgnet/CHGNet_relax\mp-1500__BaS\cell\mp-1500_airss_000072_converged.cif,0.008808374783252623,13
mp-1500.cif,RSS_chgnet/CHGNet_relax\mp-1500__BaS\cell\mp-1500_airss_000075_converged.cif,0.004507466461800425,14
mp-1500.cif,RSS_chgnet/CHGNet_relax\mp-1500__BaS\cell\mp-1500_airss_000079_converged.cif,0.0070800698370769456,15
mp-1500.cif,RSS_chgnet/CHGNet_relax\mp-1500__BaS\cell\mp-1500_airss_000086_converged.cif,0.007353168541467772,16
mp-1500.cif,RSS_chgnet/CHGNet_relax\mp-1500__BaS\cell\mp-1500_airss_000087_converged.cif,0.0104270870291981,17
mp-1500.cif,RSS_chgnet/CHGNet_relax\mp-1500__BaS\cell\mp-1500_airss_000088_converged.cif,0.005649965947475736,18
mp-1672.cif,RSS_chgnet/CHGNet_relax\mp-1672__CaS\cell\mp-1672_airss_000001_converged.cif,0.012238034964439279,1
mp-1672.cif,RSS_chgnet/CHGNet_relax\mp-1672__CaS\cell\mp-1672_airss_000008_converged.cif,0.008210282298178028,2
mp-1672.cif,RSS_chgnet/CHGNet_relax\mp-1672__CaS\cell\mp-1672_airss_000013_converged.cif,0.0017073932131709093,3
mp-1672.cif,RSS_chgnet/CHGNet_relax\mp-1672__CaS\cell\mp-1672_airss_000014_converged.cif,0.0055452308554356285,4
mp-1672.cif,RSS_chgnet/CHGNet_relax\mp-1672__CaS\cell\mp-1672_airss_000015_converged.cif,0.008269255990227656,5
mp-1672.cif,RSS_chgnet/CHGNet_relax\mp-1672__CaS\cell\mp-1672_airss_000020_converged.cif,0.005164617462973553,6
mp-1672.cif,RSS_chgnet/CHGNet_relax\mp-1672__CaS\cell\mp-1672_airss_000022_converged.cif,0.013574961364168584,7
mp-1672.cif,RSS_chgnet/CHGNet_relax\mp-1672__CaS\cell\mp-1672_airss_000023_converged.cif,0.0017916106206266596,8
mp-1672.cif,RSS_chgnet/CHGNet_relax\mp-1672__CaS\cell\mp-1672_airss_000029_converged.cif,0.002839319048461126,9
mp-1672.cif,RSS_chgnet/CHGNet_relax\mp-1672__CaS\cell\mp-1672_airss_000031_converged.cif,0.009495944395545604,10
mp-1672.cif,RSS_chgnet/CHGNet_relax\mp-1672__CaS\cell\mp-1672_airss_000036_converged.cif,0.004483133550519508,11
mp-1672.cif,RSS_chgnet/CHGNet_relax\mp-1672__CaS\cell\mp-1672_airss_000039_converged.cif,0.011544792783322709,12
mp-1672.cif,RSS_chgnet/CHGNet_relax\mp-1672__CaS\cell\mp-1672_airss_000040_converged.cif,0.008854955463500465,13
mp-1672.cif,RSS_chgnet/CHGNet_relax\mp-1672__CaS\cell\mp-1672_airss_000046_converged.cif,0.00941347351438053,14
mp-1672.cif,RSS_chgnet/CHGNet_relax\mp-1672__CaS\cell\mp-1672_airss_000047_converged.cif,0.0035219042293725086,15
mp-1672.cif,RSS_chgnet/CHGNet_relax\mp-1672__CaS\cell\mp-1672_airss_000049_converged.cif,0.005012484168955916,16
mp-1672.cif,RSS_chgnet/CHGNet_relax\mp-1672__CaS\cell\mp-1672_airss_000050_converged.cif,0.007856980412407791,17
mp-1672.cif,RSS_chgnet/CHGNet_relax\mp-1672__CaS\cell\mp-1672_airss_000053_converged.cif,0.00633280405882828,18
mp-1672.cif,RSS_chgnet/CHGNet_relax\mp-1672__CaS\cell\mp-1672_airss_000057_converged.cif,0.005069496691958304,19
mp-1672.cif,RSS_chgnet/CHGNet_relax\mp-1672__CaS\cell\mp-1672_airss_000059_converged.cif,0.009177552514396071,20
mp-1672.cif,RSS_chgnet/CHGNet_relax\mp-1672__CaS\cell\mp-1672_airss_000060_converged.cif,0.0037303904485324548,21
mp-1672.cif,RSS_chgnet/CHGNet_relax\mp-1672__CaS\cell\mp-1672_airss_000062_converged.cif,0.012917080965707577,22
mp-1672.cif,RSS_chgnet/CHGNet_relax\mp-1672__CaS\cell\mp-1672_airss_000063_converged.cif,0.006432628129470208,23
mp-1672.cif,RSS_chgnet/CHGNet_relax\mp-1672__CaS\cell\mp-1672_airss_000064_converged.cif,0.011210606175242402,24
mp-1672.cif,RSS_chgnet/CHGNet_relax\mp-1672__CaS\cell\mp-1672_airss_000066_converged.cif,0.009950946539276237,25
mp-1672.cif,RSS_chgnet/CHGNet_relax\mp-1672__CaS\cell\mp-1672_airss_000067_converged.cif,0.006263061578794136,26
mp-1672.cif,RSS_chgnet/CHGNet_relax\mp-1672__CaS\cell\mp-1672_airss_000068_converged.cif,0.0036917087136229304,27
mp-1672.cif,RSS_chgnet/CHGNet_relax\mp-1672__CaS\cell\mp-1672_airss_000070_converged.cif,0.009261668487373734,28
mp-1672.cif,RSS_chgnet/CHGNet_relax\mp-1672__CaS\cell\mp-1672_airss_000075_converged.cif,0.005540090412973673,29
mp-1672.cif,RSS_chgnet/CHGNet_relax\mp-1672__CaS\cell\mp-1672_airss_000076_converged.cif,0.010772602836910923,30
mp-1672.cif,RSS_chgnet/CHGNet_relax\mp-1672__CaS\cell\mp-1672_airss_000081_converged.cif,0.00533352748242429,31
mp-1672.cif,RSS_chgnet/CHGNet_relax\mp-1672__CaS\cell\mp-1672_airss_000083_converged.cif,0.006663666396546128,32
mp-1672.cif,RSS_chgnet/CHGNet_relax\mp-1672__CaS\cell\mp-1672_airss_000087_converged.cif,0.002773704841217693,33
mp-1672.cif,RSS_chgnet/CHGNet_relax\mp-1672__CaS\cell\mp-1672_airss_000091_converged.cif,0.001434652348124033,34
mp-1672.cif,RSS_chgnet/CHGNet_relax\mp-1672__CaS\cell\mp-1672_airss_000095_converged.cif,0.012598997863969055,35
mp-1672.cif,RSS_chgnet/CHGNet_relax\mp-1672__CaS\cell\mp-1672_airss_000096_converged.cif,0.00349106455350975,36
mp-1672.cif,RSS_chgnet/CHGNet_relax\mp-1672__CaS\cell\mp-1672_airss_000097_converged.cif,0.005364549956781166,37
mp-1672.cif,RSS_chgnet/CHGNet_relax\mp-1672__CaS\cell\mp-1672_airss_000099_converged.cif,0.006779140723134833,38
mp-1784.cif,RSS_chgnet/CHGNet_relax\mp-1784__CsF\cell\mp-1784_airss_000009_converged.cif,0.10182876916456432,1
mp-1784.cif,RSS_chgnet/CHGNet_relax\mp-1784__CsF\cell\mp-1784_airss_000013_converged.cif,0.09326018355763276,2
mp-1784.cif,RSS_chgnet/CHGNet_relax\mp-1784__CsF\cell\mp-1784_airss_000020_converged.cif,0.06337430614300679,3
mp-1784.cif,RSS_chgnet/CHGNet_relax\mp-1784__CsF\cell\mp-1784_airss_000043_converged.cif,0.07079861025438539,4
mp-1784.cif,RSS_chgnet/CHGNet_relax\mp-1784__CsF\cell\mp-1784_airss_000051_converged.cif,0.024459100417884464,5
mp-1784.cif,RSS_chgnet/CHGNet_relax\mp-1784__CsF\cell\mp-1784_airss_000052_converged.cif,0.07005677392930938,6
mp-1784.cif,RSS_chgnet/CHGNet_relax\mp-1784__CsF\cell\mp-1784_airss_000056_converged.cif,0.02734850638416082,7
mp-1784.cif,RSS_chgnet/CHGNet_relax\mp-1784__CsF\cell\mp-1784_airss_000085_converged.cif,0.030817107451151335,8
mp-2133.cif,RSS_chgnet/CHGNet_relax\mp-2133__O2Zn2\cell\mp-2133_airss_000004_converged.cif,0.006581481884781517,1
mp-2133.cif,RSS_chgnet/CHGNet_relax\mp-2133__O2Zn2\cell\mp-2133_airss_000010_converged.cif,0.01874408730767212,2
mp-2133.cif,RSS_chgnet/CHGNet_relax\mp-2133__O2Zn2\cell\mp-2133_airss_000019_converged.cif,0.01016523587534769,3
mp-2133.cif,RSS_chgnet/CHGNet_relax\mp-2133__O2Zn2\cell\mp-2133_airss_000025_converged.cif,0.12980391942737382,4
mp-2133.cif,RSS_chgnet/CHGNet_relax\mp-2133__O2Zn2\cell\mp-2133_airss_000033_converged.cif,0.128971622823311,5
mp-2133.cif,RSS_chgnet/CHGNet_relax\mp-2133__O2Zn2\cell\mp-2133_airss_000038_converged.cif,0.011716934593872982,6
mp-2133.cif,RSS_chgnet/CHGNet_relax\mp-2133__O2Zn2\cell\mp-2133_airss_000043_converged.cif,0.01799410527628729,7
mp-2133.cif,RSS_chgnet/CHGNet_relax\mp-2133__O2Zn2\cell\mp-2133_airss_000047_converged.cif,0.0067167000925698805,8
mp-2133.cif,RSS_chgnet/CHGNet_relax\mp-2133__O2Zn2\cell\mp-2133_airss_000059_converged.cif,0.00509665831050635,9
mp-2133.cif,RSS_chgnet/CHGNet_relax\mp-2133__O2Zn2\cell\mp-2133_airss_000071_converged.cif,0.1285078251714159,10
mp-2133.cif,RSS_chgnet/CHGNet_relax\mp-2133__O2Zn2\cell\mp-2133_airss_000075_converged.cif,0.003990418239776374,11
mp-2133.cif,RSS_chgnet/CHGNet_relax\mp-2133__O2Zn2\cell\mp-2133_airss_000077_converged.cif,0.12978652275512503,12
mp-2133.cif,RSS_chgnet/CHGNet_relax\mp-2133__O2Zn2\cell\mp-2133_airss_000081_converged.cif,0.020266114960693287,13
mp-2133.cif,RSS_chgnet/CHGNet_relax\mp-2133__O2Zn2\cell\mp-2133_airss_000086_converged.cif,0.0026220114133575795,14
mp-2133.cif,RSS_chgnet/CHGNet_relax\mp-2133__O2Zn2\cell\mp-2133_airss_000088_converged.cif,0.12760158421857598,15
mp-22862.cif,RSS_chgnet/CHGNet_relax\mp-22862__ClNa\cell\mp-22862_airss_000001_converged.cif,0.0184059011263825,1
mp-22862.cif,RSS_chgnet/CHGNet_relax\mp-22862__ClNa\cell\mp-22862_airss_000005_converged.cif,0.005410658632793037,2
mp-22862.cif,RSS_chgnet/CHGNet_relax\mp-22862__ClNa\cell\mp-22862_airss_000006_converged.cif,0.00036529011572428247,3
mp-22862.cif,RSS_chgnet/CHGNet_relax\mp-22862__ClNa\cell\mp-22862_airss_000010_converged.cif,0.004529233599936082,4
mp-22862.cif,RSS_chgnet/CHGNet_relax\mp-22862__ClNa\cell\mp-22862_airss_000012_converged.cif,0.002080889073828056,5
mp-22862.cif,RSS_chgnet/CHGNet_relax\mp-22862__ClNa\cell\mp-22862_airss_000013_converged.cif,0.006956984659292493,6
mp-22862.cif,RSS_chgnet/CHGNet_relax\mp-22862__ClNa\cell\mp-22862_airss_000014_converged.cif,0.005956808180318451,7
mp-22862.cif,RSS_chgnet/CHGNet_relax\mp-22862__ClNa\cell\mp-22862_airss_000016_converged.cif,0.06420696184784087,8
mp-22862.cif,RSS_chgnet/CHGNet_relax\mp-22862__ClNa\cell\mp-22862_airss_000017_converged.cif,0.018137303500341262,9
mp-22862.cif,RSS_chgnet/CHGNet_relax\mp-22862__ClNa\cell\mp-22862_airss_000020_converged.cif,0.012897836395247822,10
mp-22862.cif,RSS_chgnet/CHGNet_relax\mp-22862__ClNa\cell\mp-22862_airss_000021_converged.cif,0.004717719030783703,11
mp-22862.cif,RSS_chgnet/CHGNet_relax\mp-22862__ClNa\cell\mp-22862_airss_000022_converged.cif,0.008945360552786757,12
mp-22862.cif,RSS_chgnet/CHGNet_relax\mp-22862__ClNa\cell\mp-22862_airss_000024_converged.cif,0.00855057878721411,13
mp-22862.cif,RSS_chgnet/CHGNet_relax\mp-22862__ClNa\cell\mp-22862_airss_000025_converged.cif,0.007993893449811546,14
mp-22862.cif,RSS_chgnet/CHGNet_relax\mp-22862__ClNa\cell\mp-22862_airss_000026_converged.cif,0.00720200822360331,15
mp-22862.cif,RSS_chgnet/CHGNet_relax\mp-22862__ClNa\cell\mp-22862_airss_000027_converged.cif,0.0041639348260764705,16
mp-22862.cif,RSS_chgnet/CHGNet_relax\mp-22862__ClNa\cell\mp-22862_airss_000028_converged.cif,0.007650259395082629,17
mp-22862.cif,RSS_chgnet/CHGNet_relax\mp-22862__ClNa\cell\mp-22862_airss_000030_converged.cif,0.018709739103154772,18
mp-22862.cif,RSS_chgnet/CHGNet_relax\mp-22862__ClNa\cell\mp-22862_airss_000031_converged.cif,0.007538228739687469,19
mp-22862.cif,RSS_chgnet/CHGNet_relax\mp-22862__ClNa\cell\mp-22862_airss_000032_converged.cif,0.005290380146144678,20
mp-22862.cif,RSS_chgnet/CHGNet_relax\mp-22862__ClNa\cell\mp-22862_airss_000033_converged.cif,0.09943260143260675,21
mp-22862.cif,RSS_chgnet/CHGNet_relax\mp-22862__ClNa\cell\mp-22862_airss_000041_converged.cif,0.02550225819833361,22
mp-22862.cif,RSS_chgnet/CHGNet_relax\mp-22862__ClNa\cell\mp-22862_airss_000044_converged.cif,0.006699763676527907,23
mp-22862.cif,RSS_chgnet/CHGNet_relax\mp-22862__ClNa\cell\mp-22862_airss_000045_converged.cif,0.01573286281167073,24
mp-22862.cif,RSS_chgnet/CHGNet_relax\mp-22862__ClNa\cell\mp-22862_airss_000047_converged.cif,0.01695868252715102,25
mp-22862.cif,RSS_chgnet/CHGNet_relax\mp-22862__ClNa\cell\mp-22862_airss_000048_converged.cif,0.007564963049187992,26
mp-22862.cif,RSS_chgnet/CHGNet_relax\mp-22862__ClNa\cell\mp-22862_airss_000050_converged.cif,0.009062713103039742,27
mp-22862.cif,RSS_chgnet/CHGNet_relax\mp-22862__ClNa\cell\mp-22862_airss_000052_converged.cif,0.004489462341947448,28
mp-22862.cif,RSS_chgnet/CHGNet_relax\mp-22862__ClNa\cell\mp-22862_airss_000056_converged.cif,0.01058454112841276,29
mp-22862.cif,RSS_chgnet/CHGNet_relax\mp-22862__ClNa\cell\mp-22862_airss_000057_converged.cif,0.013349322761899528,30
mp-22862.cif,RSS_chgnet/CHGNet_relax\mp-22862__ClNa\cell\mp-22862_airss_000059_converged.cif,0.02458620695318175,31
mp-22862.cif,RSS_chgnet/CHGNet_relax\mp-22862__ClNa\cell\mp-22862_airss_000061_converged.cif,0.007911152237660903,32
mp-22862.cif,RSS_chgnet/CHGNet_relax\mp-22862__ClNa\cell\mp-22862_airss_000062_converged.cif,0.0463810217584841,33
mp-22862.cif,RSS_chgnet/CHGNet_relax\mp-22862__ClNa\cell\mp-22862_airss_000063_converged.cif,0.008311602694085268,34
mp-22862.cif,RSS_chgnet/CHGNet_relax\mp-22862__ClNa\cell\mp-22862_airss_000065_converged.cif,0.013560467457377873,35
mp-22862.cif,RSS_chgnet/CHGNet_relax\mp-22862__ClNa\cell\mp-22862_airss_000066_converged.cif,0.0058024474553531,36
mp-22862.cif,RSS_chgnet/CHGNet_relax\mp-22862__ClNa\cell\mp-22862_airss_000067_converged.cif,0.011023288250196715,37
mp-22862.cif,RSS_chgnet/CHGNet_relax\mp-22862__ClNa\cell\mp-22862_airss_000070_converged.cif,0.016634241087811,38
mp-22862.cif,RSS_chgnet/CHGNet_relax\mp-22862__ClNa\cell\mp-22862_airss_000071_converged.cif,0.015409262249821323,39
mp-22862.cif,RSS_chgnet/CHGNet_relax\mp-22862__ClNa\cell\mp-22862_airss_000072_converged.cif,0.007440591278618444,40
mp-22862.cif,RSS_chgnet/CHGNet_relax\mp-22862__ClNa\cell\mp-22862_airss_000074_converged.cif,0.019653130369597947,41
mp-22862.cif,RSS_chgnet/CHGNet_relax\mp-22862__ClNa\cell\mp-22862_airss_000075_converged.cif,0.006803917255355489,42
mp-22862.cif,RSS_chgnet/CHGNet_relax\mp-22862__ClNa\cell\mp-22862_airss_000077_converged.cif,0.010448380294386507,43
mp-22862.cif,RSS_chgnet/CHGNet_relax\mp-22862__ClNa\cell\mp-22862_airss_000078_converged.cif,0.015315816722301645,44
mp-22862.cif,RSS_chgnet/CHGNet_relax\mp-22862__ClNa\cell\mp-22862_airss_000081_converged.cif,0.007215719769286027,45
mp-22862.cif,RSS_chgnet/CHGNet_relax\mp-22862__ClNa\cell\mp-22862_airss_000083_converged.cif,0.008219979601758498,46
mp-22862.cif,RSS_chgnet/CHGNet_relax\mp-22862__ClNa\cell\mp-22862_airss_000086_converged.cif,0.021196853123669906,47
mp-22862.cif,RSS_chgnet/CHGNet_relax\mp-22862__ClNa\cell\mp-22862_airss_000090_converged.cif,0.011964598114803318,48
mp-22862.cif,RSS_chgnet/CHGNet_relax\mp-22862__ClNa\cell\mp-22862_airss_000093_converged.cif,0.0884440169736852,49
mp-22862.cif,RSS_chgnet/CHGNet_relax\mp-22862__ClNa\cell\mp-22862_airss_000094_converged.cif,0.0021895928420691676,50
mp-22862.cif,RSS_chgnet/CHGNet_relax\mp-22862__ClNa\cell\mp-22862_airss_000095_converged.cif,0.019514211695452678,51
mp-22862.cif,RSS_chgnet/CHGNet_relax\mp-22862__ClNa\cell\mp-22862_airss_000096_converged.cif,0.015258886272866057,52
mp-22862.cif,RSS_chgnet/CHGNet_relax\mp-22862__ClNa\cell\mp-22862_airss_000099_converged.cif,0.011327609087839068,53
mp-22905.cif,RSS_chgnet/CHGNet_relax\mp-22905__ClLi\cell\mp-22905_airss_000006_converged.cif,0.10371478828370656,1
mp-22905.cif,RSS_chgnet/CHGNet_relax\mp-22905__ClLi\cell\mp-22905_airss_000023_converged.cif,0.26929405684980845,2
mp-22905.cif,RSS_chgnet/CHGNet_relax\mp-22905__ClLi\cell\mp-22905_airss_000037_converged.cif,0.10459150686479457,3
mp-22905.cif,RSS_chgnet/CHGNet_relax\mp-22905__ClLi\cell\mp-22905_airss_000080_converged.cif,0.020542422275565294,4
mp-23193.cif,RSS_chgnet/CHGNet_relax\mp-23193__ClK\cell\mp-23193_airss_000002_converged.cif,0.017144970923941495,1
mp-23193.cif,RSS_chgnet/CHGNet_relax\mp-23193__ClK\cell\mp-23193_airss_000004_converged.cif,0.0064060915627247245,2
mp-23193.cif,RSS_chgnet/CHGNet_relax\mp-23193__ClK\cell\mp-23193_airss_000013_converged.cif,0.014500097940135145,3
mp-23193.cif,RSS_chgnet/CHGNet_relax\mp-23193__ClK\cell\mp-23193_airss_000017_converged.cif,0.006934412050648066,4
mp-23193.cif,RSS_chgnet/CHGNet_relax\mp-23193__ClK\cell\mp-23193_airss_000030_converged.cif,0.08652767130273045,5
mp-23193.cif,RSS_chgnet/CHGNet_relax\mp-23193__ClK\cell\mp-23193_airss_000035_converged.cif,0.07688945265999754,6
mp-23193.cif,RSS_chgnet/CHGNet_relax\mp-23193__ClK\cell\mp-23193_airss_000039_converged.cif,0.011726482206770064,7
mp-23193.cif,RSS_chgnet/CHGNet_relax\mp-23193__ClK\cell\mp-23193_airss_000042_converged.cif,0.007455094435333582,8
mp-23193.cif,RSS_chgnet/CHGNet_relax\mp-23193__ClK\cell\mp-23193_airss_000043_converged.cif,0.012421225211960516,9
mp-23193.cif,RSS_chgnet/CHGNet_relax\mp-23193__ClK\cell\mp-23193_airss_000046_converged.cif,0.007175190959712252,10
mp-23193.cif,RSS_chgnet/CHGNet_relax\mp-23193__ClK\cell\mp-23193_airss_000048_converged.cif,0.06234402043906847,11
mp-23193.cif,RSS_chgnet/CHGNet_relax\mp-23193__ClK\cell\mp-23193_airss_000051_converged.cif,0.004847373784086892,12
mp-23193.cif,RSS_chgnet/CHGNet_relax\mp-23193__ClK\cell\mp-23193_airss_000053_converged.cif,0.011341921409779002,13
mp-23193.cif,RSS_chgnet/CHGNet_relax\mp-23193__ClK\cell\mp-23193_airss_000073_converged.cif,0.08844155162367053,14
mp-23193.cif,RSS_chgnet/CHGNet_relax\mp-23193__ClK\cell\mp-23193_airss_000098_converged.cif,0.02596682948985803,15
mp-23295.cif,RSS_chgnet/CHGNet_relax\mp-23295__ClRb\cell\mp-23295_airss_000004_converged.cif,0.037662564345017926,1
mp-23295.cif,RSS_chgnet/CHGNet_relax\mp-23295__ClRb\cell\mp-23295_airss_000007_converged.cif,0.01742946832770011,2
mp-23295.cif,RSS_chgnet/CHGNet_relax\mp-23295__ClRb\cell\mp-23295_airss_000024_converged.cif,0.03327530078504787,3
mp-23295.cif,RSS_chgnet/CHGNet_relax\mp-23295__ClRb\cell\mp-23295_airss_000026_converged.cif,0.030853730067266962,4
mp-23295.cif,RSS_chgnet/CHGNet_relax\mp-23295__ClRb\cell\mp-23295_airss_000029_converged.cif,0.016209021201905798,5
mp-23295.cif,RSS_chgnet/CHGNet_relax\mp-23295__ClRb\cell\mp-23295_airss_000041_converged.cif,0.013915109792763511,6
mp-23295.cif,RSS_chgnet/CHGNet_relax\mp-23295__ClRb\cell\mp-23295_airss_000053_converged.cif,0.013529861656406707,7
mp-23295.cif,RSS_chgnet/CHGNet_relax\mp-23295__ClRb\cell\mp-23295_airss_000067_converged.cif,0.003523339121940807,8
mp-23295.cif,RSS_chgnet/CHGNet_relax\mp-23295__ClRb\cell\mp-23295_airss_000071_converged.cif,0.03390228339985066,9
mp-23295.cif,RSS_chgnet/CHGNet_relax\mp-23295__ClRb\cell\mp-23295_airss_000072_converged.cif,0.016009546789581705,10
mp-23295.cif,RSS_chgnet/CHGNet_relax\mp-23295__ClRb\cell\mp-23295_airss_000075_converged.cif,0.01079297100210394,11
mp-23295.cif,RSS_chgnet/CHGNet_relax\mp-23295__ClRb\cell\mp-23295_airss_000095_converged.cif,0.008780776258421406,12
mp-2472.cif,RSS_chgnet/CHGNet_relax\mp-2472__OSr\cell\mp-2472_airss_000007_converged.cif,0.007407067701680833,1
mp-2472.cif,RSS_chgnet/CHGNet_relax\mp-2472__OSr\cell\mp-2472_airss_000009_converged.cif,0.014760594014511614,2
mp-2472.cif,RSS_chgnet/CHGNet_relax\mp-2472__OSr\cell\mp-2472_airss_000010_converged.cif,0.008514960524633557,3
mp-2472.cif,RSS_chgnet/CHGNet_relax\mp-2472__OSr\cell\mp-2472_airss_000013_converged.cif,0.018263320586264918,4
mp-2472.cif,RSS_chgnet/CHGNet_relax\mp-2472__OSr\cell\mp-2472_airss_000016_converged.cif,0.003517219315873639,5
mp-2472.cif,RSS_chgnet/CHGNet_relax\mp-2472__OSr\cell\mp-2472_airss_000018_converged.cif,0.014044912607780641,6
mp-2472.cif,RSS_chgnet/CHGNet_relax\mp-2472__OSr\cell\mp-2472_airss_000021_converged.cif,0.014280073838428086,7
mp-2472.cif,RSS_chgnet/CHGNet_relax\mp-2472__OSr\cell\mp-2472_airss_000025_converged.cif,0.010607983551125813,8
mp-2472.cif,RSS_chgnet/CHGNet_relax\mp-2472__OSr\cell\mp-2472_airss_000026_converged.cif,0.016812008010847885,9
mp-2472.cif,RSS_chgnet/CHGNet_relax\mp-2472__OSr\cell\mp-2472_airss_000029_converged.cif,0.02779688885685699,10
mp-2472.cif,RSS_chgnet/CHGNet_relax\mp-2472__OSr\cell\mp-2472_airss_000031_converged.cif,0.0017238009344591819,11
mp-2472.cif,RSS_chgnet/CHGNet_relax\mp-2472__OSr\cell\mp-2472_airss_000039_converged.cif,0.016508884088701246,12
mp-2472.cif,RSS_chgnet/CHGNet_relax\mp-2472__OSr\cell\mp-2472_airss_000045_converged.cif,0.0029011252916893346,13
mp-2472.cif,RSS_chgnet/CHGNet_relax\mp-2472__OSr\cell\mp-2472_airss_000046_converged.cif,0.010203709713629132,14
mp-2472.cif,RSS_chgnet/CHGNet_relax\mp-2472__OSr\cell\mp-2472_airss_000047_converged.cif,0.017497977050105605,15
mp-2472.cif,RSS_chgnet/CHGNet_relax\mp-2472__OSr\cell\mp-2472_airss_000048_converged.cif,0.018425397982028566,16
mp-2472.cif,RSS_chgnet/CHGNet_relax\mp-2472__OSr\cell\mp-2472_airss_000049_converged.cif,0.018200153138110756,17
mp-2472.cif,RSS_chgnet/CHGNet_relax\mp-2472__OSr\cell\mp-2472_airss_000051_converged.cif,0.011210817804108144,18
mp-2472.cif,RSS_chgnet/CHGNet_relax\mp-2472__OSr\cell\mp-2472_airss_000056_converged.cif,0.010609473202339863,19
mp-2472.cif,RSS_chgnet/CHGNet_relax\mp-2472__OSr\cell\mp-2472_airss_000057_converged.cif,0.008787270820259464,20
mp-2472.cif,RSS_chgnet/CHGNet_relax\mp-2472__OSr\cell\mp-2472_airss_000058_converged.cif,0.01864289380503595,21
mp-2472.cif,RSS_chgnet/CHGNet_relax\mp-2472__OSr\cell\mp-2472_airss_000061_converged.cif,0.0011039578529284182,22
mp-2472.cif,RSS_chgnet/CHGNet_relax\mp-2472__OSr\cell\mp-2472_airss_000062_converged.cif,0.00719314839431433,23
mp-2472.cif,RSS_chgnet/CHGNet_relax\mp-2472__OSr\cell\mp-2472_airss_000063_converged.cif,0.0026397275073034177,24
mp-2472.cif,RSS_chgnet/CHGNet_relax\mp-2472__OSr\cell\mp-2472_airss_000068_converged.cif,0.016166506023418372,25
mp-2472.cif,RSS_chgnet/CHGNet_relax\mp-2472__OSr\cell\mp-2472_airss_000071_converged.cif,0.000980126265201969,26
mp-2472.cif,RSS_chgnet/CHGNet_relax\mp-2472__OSr\cell\mp-2472_airss_000072_converged.cif,0.01635673605190755,27
mp-2472.cif,RSS_chgnet/CHGNet_relax\mp-2472__OSr\cell\mp-2472_airss_000074_converged.cif,0.01760088676627101,28
mp-2472.cif,RSS_chgnet/CHGNet_relax\mp-2472__OSr\cell\mp-2472_airss_000077_converged.cif,0.02285126460496667,29
mp-2472.cif,RSS_chgnet/CHGNet_relax\mp-2472__OSr\cell\mp-2472_airss_000078_converged.cif,0.0233798928900489,30
mp-2472.cif,RSS_chgnet/CHGNet_relax\mp-2472__OSr\cell\mp-2472_airss_000079_converged.cif,0.004804193730254095,31
mp-2472.cif,RSS_chgnet/CHGNet_relax\mp-2472__OSr\cell\mp-2472_airss_000080_converged.cif,0.007227002361243554,32
mp-2472.cif,RSS_chgnet/CHGNet_relax\mp-2472__OSr\cell\mp-2472_airss_000081_converged.cif,0.009193265006142362,33
mp-2472.cif,RSS_chgnet/CHGNet_relax\mp-2472__OSr\cell\mp-2472_airss_000084_converged.cif,0.02064226750268177,34
mp-2472.cif,RSS_chgnet/CHGNet_relax\mp-2472__OSr\cell\mp-2472_airss_000086_converged.cif,0.005626914253653168,35
mp-2472.cif,RSS_chgnet/CHGNet_relax\mp-2472__OSr\cell\mp-2472_airss_000091_converged.cif,0.02084843958317383,36
mp-2472.cif,RSS_chgnet/CHGNet_relax\mp-2472__OSr\cell\mp-2472_airss_000093_converged.cif,0.0005673688184986087,37
mp-2472.cif,RSS_chgnet/CHGNet_relax\mp-2472__OSr\cell\mp-2472_airss_000094_converged.cif,0.018502512811515895,38
mp-2472.cif,RSS_chgnet/CHGNet_relax\mp-2472__OSr\cell\mp-2472_airss_000095_converged.cif,0.007900717488024638,39
mp-2472.cif,RSS_chgnet/CHGNet_relax\mp-2472__OSr\cell\mp-2472_airss_000096_converged.cif,0.0041043988665710966,40
mp-2472.cif,RSS_chgnet/CHGNet_relax\mp-2472__OSr\cell\mp-2472_airss_000098_converged.cif,0.011846483781913855,41
mp-2472.cif,RSS_chgnet/CHGNet_relax\mp-2472__OSr\cell\mp-2472_airss_000099_converged.cif,0.024317754351944082,42
mp-2516584.cif,RSS_chgnet/CHGNet_relax\mp-2516584__C4\cell\mp-2516584_airss_000005_converged.cif,0.17087643782894987,1
mp-2516584.cif,RSS_chgnet/CHGNet_relax\mp-2516584__C4\cell\mp-2516584_airss_000018_converged.cif,0.1649798311053605,2
mp-2516584.cif,RSS_chgnet/CHGNet_relax\mp-2516584__C4\cell\mp-2516584_airss_000029_converged.cif,0.16926823065711288,3
mp-2516584.cif,RSS_chgnet/CHGNet_relax\mp-2516584__C4\cell\mp-2516584_airss_000031_converged.cif,0.16734380199684765,4
mp-2516584.cif,RSS_chgnet/CHGNet_relax\mp-2516584__C4\cell\mp-2516584_airss_000034_converged.cif,0.1700042272130409,5
mp-2516584.cif,RSS_chgnet/CHGNet_relax\mp-2516584__C4\cell\mp-2516584_airss_000041_converged.cif,0.17046929831607438,6
mp-2516584.cif,RSS_chgnet/CHGNet_relax\mp-2516584__C4\cell\mp-2516584_airss_000046_converged.cif,0.16788141858681338,7
mp-2516584.cif,RSS_chgnet/CHGNet_relax\mp-2516584__C4\cell\mp-2516584_airss_000048_converged.cif,0.11757592021112107,8
mp-2516584.cif,RSS_chgnet/CHGNet_relax\mp-2516584__C4\cell\mp-2516584_airss_000061_converged.cif,0.16597169072485626,9
mp-2516584.cif,RSS_chgnet/CHGNet_relax\mp-2516584__C4\cell\mp-2516584_airss_000065_converged.cif,0.16816148923461213,10
mp-2516584.cif,RSS_chgnet/CHGNet_relax\mp-2516584__C4\cell\mp-2516584_airss_000075_converged.cif,0.16983248648683458,11
mp-2516584.cif,RSS_chgnet/CHGNet_relax\mp-2516584__C4\cell\mp-2516584_airss_000076_converged.cif,0.1674910850167067,12
mp-2516584.cif,RSS_chgnet/CHGNet_relax\mp-2516584__C4\cell\mp-2516584_airss_000084_converged.cif,0.17036904255228105,13
mp-2516584.cif,RSS_chgnet/CHGNet_relax\mp-2516584__C4\cell\mp-2516584_airss_000089_converged.cif,0.07885660246064975,14
mp-2516584.cif,RSS_chgnet/CHGNet_relax\mp-2516584__C4\cell\mp-2516584_airss_000091_converged.cif,0.17004379232864222,15
mp-2534.cif,RSS_chgnet/CHGNet_relax\mp-2534__AsGa\cell\mp-2534_airss_000001_converged.cif,0.004210494489232075,1
mp-2534.cif,RSS_chgnet/CHGNet_relax\mp-2534__AsGa\cell\mp-2534_airss_000002_converged.cif,0.007964996638266176,2
mp-2534.cif,RSS_chgnet/CHGNet_relax\mp-2534__AsGa\cell\mp-2534_airss_000003_converged.cif,0.002919882364386343,3
mp-2534.cif,RSS_chgnet/CHGNet_relax\mp-2534__AsGa\cell\mp-2534_airss_000006_converged.cif,0.013684551910719015,4
mp-2534.cif,RSS_chgnet/CHGNet_relax\mp-2534__AsGa\cell\mp-2534_airss_000007_converged.cif,0.004745354612466987,5
mp-2534.cif,RSS_chgnet/CHGNet_relax\mp-2534__AsGa\cell\mp-2534_airss_000008_converged.cif,0.013661386584293837,6
mp-2534.cif,RSS_chgnet/CHGNet_relax\mp-2534__AsGa\cell\mp-2534_airss_000009_converged.cif,0.005881534019571381,7
mp-2534.cif,RSS_chgnet/CHGNet_relax\mp-2534__AsGa\cell\mp-2534_airss_000011_converged.cif,0.0073184047052550156,8
mp-2534.cif,RSS_chgnet/CHGNet_relax\mp-2534__AsGa\cell\mp-2534_airss_000012_converged.cif,0.015402669305886787,9
mp-2534.cif,RSS_chgnet/CHGNet_relax\mp-2534__AsGa\cell\mp-2534_airss_000013_converged.cif,0.009527455979139182,10
mp-2534.cif,RSS_chgnet/CHGNet_relax\mp-2534__AsGa\cell\mp-2534_airss_000014_converged.cif,0.0044373584233283435,11
mp-2534.cif,RSS_chgnet/CHGNet_relax\mp-2534__AsGa\cell\mp-2534_airss_000015_converged.cif,0.012137284490427771,12
mp-2534.cif,RSS_chgnet/CHGNet_relax\mp-2534__AsGa\cell\mp-2534_airss_000017_converged.cif,0.012614584589883328,13
mp-2534.cif,RSS_chgnet/CHGNet_relax\mp-2534__AsGa\cell\mp-2534_airss_000018_converged.cif,0.015894624927935967,14
mp-2534.cif,RSS_chgnet/CHGNet_relax\mp-2534__AsGa\cell\mp-2534_airss_000019_converged.cif,0.0031251274619886597,15
mp-2534.cif,RSS_chgnet/CHGNet_relax\mp-2534__AsGa\cell\mp-2534_airss_000020_converged.cif,0.006374342903373603,16
mp-2534.cif,RSS_chgnet/CHGNet_relax\mp-2534__AsGa\cell\mp-2534_airss_000023_converged.cif,0.01616264445773788,17
mp-2534.cif,RSS_chgnet/CHGNet_relax\mp-2534__AsGa\cell\mp-2534_airss_000024_converged.cif,0.013314228241196957,18
mp-2534.cif,RSS_chgnet/CHGNet_relax\mp-2534__AsGa\cell\mp-2534_airss_000029_converged.cif,0.003086457793522413,19
mp-2534.cif,RSS_chgnet/CHGNet_relax\mp-2534__AsGa\cell\mp-2534_airss_000030_converged.cif,0.017847176074318124,20
mp-2534.cif,RSS_chgnet/CHGNet_relax\mp-2534__AsGa\cell\mp-2534_airss_000031_converged.cif,0.012779289427469632,21
mp-2534.cif,RSS_chgnet/CHGNet_relax\mp-2534__AsGa\cell\mp-2534_airss_000032_converged.cif,0.01002106334345976,22
mp-2534.cif,RSS_chgnet/CHGNet_relax\mp-2534__AsGa\cell\mp-2534_airss_000033_converged.cif,0.00455449037232587,23
mp-2534.cif,RSS_chgnet/CHGNet_relax\mp-2534__AsGa\cell\mp-2534_airss_000034_converged.cif,0.014422637608936506,24
mp-2534.cif,RSS_chgnet/CHGNet_relax\mp-2534__AsGa\cell\mp-2534_airss_000035_converged.cif,0.012574546036411413,25
mp-2534.cif,RSS_chgnet/CHGNet_relax\mp-2534__AsGa\cell\mp-2534_airss_000036_converged.cif,0.005983976792182744,26
mp-2534.cif,RSS_chgnet/CHGNet_relax\mp-2534__AsGa\cell\mp-2534_airss_000037_converged.cif,0.010197910163008922,27
mp-2534.cif,RSS_chgnet/CHGNet_relax\mp-2534__AsGa\cell\mp-2534_airss_000038_converged.cif,0.013595754461935047,28
mp-2534.cif,RSS_chgnet/CHGNet_relax\mp-2534__AsGa\cell\mp-2534_airss_000039_converged.cif,0.010989806059242407,29
mp-2534.cif,RSS_chgnet/CHGNet_relax\mp-2534__AsGa\cell\mp-2534_airss_000040_converged.cif,0.00750074222637606,30
mp-2534.cif,RSS_chgnet/CHGNet_relax\mp-2534__AsGa\cell\mp-2534_airss_000043_converged.cif,0.010821105240415824,31
mp-2534.cif,RSS_chgnet/CHGNet_relax\mp-2534__AsGa\cell\mp-2534_airss_000044_converged.cif,0.006194647824494333,32
mp-2534.cif,RSS_chgnet/CHGNet_relax\mp-2534__AsGa\cell\mp-2534_airss_000045_converged.cif,0.005115771337904125,33
mp-2534.cif,RSS_chgnet/CHGNet_relax\mp-2534__AsGa\cell\mp-2534_airss_000047_converged.cif,0.009741481713322253,34
mp-2534.cif,RSS_chgnet/CHGNet_relax\mp-2534__AsGa\cell\mp-2534_airss_000048_converged.cif,0.01175551824564992,35
mp-2534.cif,RSS_chgnet/CHGNet_relax\mp-2534__AsGa\cell\mp-2534_airss_000049_converged.cif,0.00423627522144884,36
mp-2534.cif,RSS_chgnet/CHGNet_relax\mp-2534__AsGa\cell\mp-2534_airss_000059_converged.cif,0.005451578462637403,37
mp-2534.cif,RSS_chgnet/CHGNet_relax\mp-2534__AsGa\cell\mp-2534_airss_000064_converged.cif,0.009720705785228738,38
mp-2534.cif,RSS_chgnet/CHGNet_relax\mp-2534__AsGa\cell\mp-2534_airss_000065_converged.cif,0.006170212011456994,39
mp-2534.cif,RSS_chgnet/CHGNet_relax\mp-2534__AsGa\cell\mp-2534_airss_000066_converged.cif,0.009499664963039382,40
mp-2534.cif,RSS_chgnet/CHGNet_relax\mp-2534__AsGa\cell\mp-2534_airss_000068_converged.cif,0.011608052706066734,41
mp-2534.cif,RSS_chgnet/CHGNet_relax\mp-2534__AsGa\cell\mp-2534_airss_000069_converged.cif,0.009160731273296648,42
mp-2534.cif,RSS_chgnet/CHGNet_relax\mp-2534__AsGa\cell\mp-2534_airss_000070_converged.cif,0.0014026313863063837,43
mp-2534.cif,RSS_chgnet/CHGNet_relax\mp-2534__AsGa\cell\mp-2534_airss_000073_converged.cif,0.01218693268717289,44
mp-2534.cif,RSS_chgnet/CHGNet_relax\mp-2534__AsGa\cell\mp-2534_airss_000074_converged.cif,0.0023559662078460612,45
mp-2534.cif,RSS_chgnet/CHGNet_relax\mp-2534__AsGa\cell\mp-2534_airss_000075_converged.cif,0.015221785949021004,46
mp-2534.cif,RSS_chgnet/CHGNet_relax\mp-2534__AsGa\cell\mp-2534_airss_000076_converged.cif,0.0070594938269791995,47
mp-2534.cif,RSS_chgnet/CHGNet_relax\mp-2534__AsGa\cell\mp-2534_airss_000079_converged.cif,0.01737676916813198,48
mp-2534.cif,RSS_chgnet/CHGNet_relax\mp-2534__AsGa\cell\mp-2534_airss_000080_converged.cif,0.005187656082281621,49
mp-2534.cif,RSS_chgnet/CHGNet_relax\mp-2534__AsGa\cell\mp-2534_airss_000081_converged.cif,0.008571285385920776,50
mp-2534.cif,RSS_chgnet/CHGNet_relax\mp-2534__AsGa\cell\mp-2534_airss_000082_converged.cif,0.0032810713490879937,51
mp-2534.cif,RSS_chgnet/CHGNet_relax\mp-2534__AsGa\cell\mp-2534_airss_000084_converged.cif,0.007518138388287442,52
mp-2534.cif,RSS_chgnet/CHGNet_relax\mp-2534__AsGa\cell\mp-2534_airss_000087_converged.cif,0.011014513530997739,53
mp-2534.cif,RSS_chgnet/CHGNet_relax\mp-2534__AsGa\cell\mp-2534_airss_000088_converged.cif,0.017265869757109434,54
mp-2534.cif,RSS_chgnet/CHGNet_relax\mp-2534__AsGa\cell\mp-2534_airss_000090_converged.cif,0.009827303832612011,55
mp-2534.cif,RSS_chgnet/CHGNet_relax\mp-2534__AsGa\cell\mp-2534_airss_000092_converged.cif,0.007264665660238878,56
mp-2534.cif,RSS_chgnet/CHGNet_relax\mp-2534__AsGa\cell\mp-2534_airss_000094_converged.cif,0.010108155429573608,57
mp-2534.cif,RSS_chgnet/CHGNet_relax\mp-2534__AsGa\cell\mp-2534_airss_000095_converged.cif,0.009413156391792656,58
mp-2534.cif,RSS_chgnet/CHGNet_relax\mp-2534__AsGa\cell\mp-2534_airss_000096_converged.cif,0.005834611946033346,59
mp-2534.cif,RSS_chgnet/CHGNet_relax\mp-2534__AsGa\cell\mp-2534_airss_000098_converged.cif,0.01024608662054073,60
mp-2542.cif,RSS_chgnet/CHGNet_relax\mp-2542__Be2O2\cell\mp-2542_airss_000002_converged.cif,0.003455628935147793,1
mp-2542.cif,RSS_chgnet/CHGNet_relax\mp-2542__Be2O2\cell\mp-2542_airss_000008_converged.cif,0.0031022925557903495,2
mp-2542.cif,RSS_chgnet/CHGNet_relax\mp-2542__Be2O2\cell\mp-2542_airss_000021_converged.cif,0.004946657235314998,3
mp-2542.cif,RSS_chgnet/CHGNet_relax\mp-2542__Be2O2\cell\mp-2542_airss_000069_converged.cif,0.002498466507299893,4
mp-2605.cif,RSS_chgnet/CHGNet_relax\mp-2605__CaO\cell\mp-2605_airss_000001_converged.cif,0.006828179335507357,1
mp-2605.cif,RSS_chgnet/CHGNet_relax\mp-2605__CaO\cell\mp-2605_airss_000002_converged.cif,0.002359686367251034,2
mp-2605.cif,RSS_chgnet/CHGNet_relax\mp-2605__CaO\cell\mp-2605_airss_000004_converged.cif,0.00986554535656041,3
mp-2605.cif,RSS_chgnet/CHGNet_relax\mp-2605__CaO\cell\mp-2605_airss_000005_converged.cif,0.005406482072496502,4
mp-2605.cif,RSS_chgnet/CHGNet_relax\mp-2605__CaO\cell\mp-2605_airss_000006_converged.cif,0.004802169726688999,5
mp-2605.cif,RSS_chgnet/CHGNet_relax\mp-2605__CaO\cell\mp-2605_airss_000007_converged.cif,0.008892230887278517,6
mp-2605.cif,RSS_chgnet/CHGNet_relax\mp-2605__CaO\cell\mp-2605_airss_000008_converged.cif,0.007107985772545076,7
mp-2605.cif,RSS_chgnet/CHGNet_relax\mp-2605__CaO\cell\mp-2605_airss_000011_converged.cif,0.004584959901097394,8
mp-2605.cif,RSS_chgnet/CHGNet_relax\mp-2605__CaO\cell\mp-2605_airss_000013_converged.cif,0.0056854500399724835,9
mp-2605.cif,RSS_chgnet/CHGNet_relax\mp-2605__CaO\cell\mp-2605_airss_000014_converged.cif,0.006400939553558807,10
mp-2605.cif,RSS_chgnet/CHGNet_relax\mp-2605__CaO\cell\mp-2605_airss_000015_converged.cif,0.011205499293094917,11
mp-2605.cif,RSS_chgnet/CHGNet_relax\mp-2605__CaO\cell\mp-2605_airss_000018_converged.cif,0.009483894037026305,12
mp-2605.cif,RSS_chgnet/CHGNet_relax\mp-2605__CaO\cell\mp-2605_airss_000019_converged.cif,0.003129696364810888,13
mp-2605.cif,RSS_chgnet/CHGNet_relax\mp-2605__CaO\cell\mp-2605_airss_000020_converged.cif,0.002963299722878693,14
mp-2605.cif,RSS_chgnet/CHGNet_relax\mp-2605__CaO\cell\mp-2605_airss_000022_converged.cif,0.01082415903158445,15
mp-2605.cif,RSS_chgnet/CHGNet_relax\mp-2605__CaO\cell\mp-2605_airss_000023_converged.cif,0.002659062826940485,16
mp-2605.cif,RSS_chgnet/CHGNet_relax\mp-2605__CaO\cell\mp-2605_airss_000026_converged.cif,0.00427217809267242,17
mp-2605.cif,RSS_chgnet/CHGNet_relax\mp-2605__CaO\cell\mp-2605_airss_000028_converged.cif,0.006740533363112866,18
mp-2605.cif,RSS_chgnet/CHGNet_relax\mp-2605__CaO\cell\mp-2605_airss_000030_converged.cif,0.006484236183968614,19
mp-2605.cif,RSS_chgnet/CHGNet_relax\mp-2605__CaO\cell\mp-2605_airss_000032_converged.cif,0.0034459144066354076,20
mp-2605.cif,RSS_chgnet/CHGNet_relax\mp-2605__CaO\cell\mp-2605_airss_000033_converged.cif,0.0008980640410443833,21
mp-2605.cif,RSS_chgnet/CHGNet_relax\mp-2605__CaO\cell\mp-2605_airss_000034_converged.cif,0.006747392177347535,22
mp-2605.cif,RSS_chgnet/CHGNet_relax\mp-2605__CaO\cell\mp-2605_airss_000035_converged.cif,0.007348621761678181,23
mp-2605.cif,RSS_chgnet/CHGNet_relax\mp-2605__CaO\cell\mp-2605_airss_000038_converged.cif,0.0034497546113000464,24
mp-2605.cif,RSS_chgnet/CHGNet_relax\mp-2605__CaO\cell\mp-2605_airss_000040_converged.cif,0.006254954315382026,25
mp-2605.cif,RSS_chgnet/CHGNet_relax\mp-2605__CaO\cell\mp-2605_airss_000042_converged.cif,0.011723910956509011,26
mp-2605.cif,RSS_chgnet/CHGNet_relax\mp-2605__CaO\cell\mp-2605_airss_000043_converged.cif,0.0065531424490178555,27
mp-2605.cif,RSS_chgnet/CHGNet_relax\mp-2605__CaO\cell\mp-2605_airss_000044_converged.cif,0.01163185579430979,28
mp-2605.cif,RSS_chgnet/CHGNet_relax\mp-2605__CaO\cell\mp-2605_airss_000045_converged.cif,0.006995085255585079,29
mp-2605.cif,RSS_chgnet/CHGNet_relax\mp-2605__CaO\cell\mp-2605_airss_000048_converged.cif,0.009340140702298157,30
mp-2605.cif,RSS_chgnet/CHGNet_relax\mp-2605__CaO\cell\mp-2605_airss_000050_converged.cif,0.0070332731208906495,31
mp-2605.cif,RSS_chgnet/CHGNet_relax\mp-2605__CaO\cell\mp-2605_airss_000051_converged.cif,0.007939558467218867,32
mp-2605.cif,RSS_chgnet/CHGNet_relax\mp-2605__CaO\cell\mp-2605_airss_000052_converged.cif,0.006380182590126482,33
mp-2605.cif,RSS_chgnet/CHGNet_relax\mp-2605__CaO\cell\mp-2605_airss_000053_converged.cif,0.005765542808945693,34
mp-2605.cif,RSS_chgnet/CHGNet_relax\mp-2605__CaO\cell\mp-2605_airss_000055_converged.cif,0.00339617288883566,35
mp-2605.cif,RSS_chgnet/CHGNet_relax\mp-2605__CaO\cell\mp-2605_airss_000058_converged.cif,0.010698794217163377,36
mp-2605.cif,RSS_chgnet/CHGNet_relax\mp-2605__CaO\cell\mp-2605_airss_000059_converged.cif,0.0023989115584532685,37
mp-2605.cif,RSS_chgnet/CHGNet_relax\mp-2605__CaO\cell\mp-2605_airss_000062_converged.cif,0.005235160689051215,38
mp-2605.cif,RSS_chgnet/CHGNet_relax\mp-2605__CaO\cell\mp-2605_airss_000065_converged.cif,0.01405036549611411,39
mp-2605.cif,RSS_chgnet/CHGNet_relax\mp-2605__CaO\cell\mp-2605_airss_000067_converged.cif,0.0037444731111817304,40
mp-2605.cif,RSS_chgnet/CHGNet_relax\mp-2605__CaO\cell\mp-2605_airss_000068_converged.cif,0.010393046986801165,41
mp-2605.cif,RSS_chgnet/CHGNet_relax\mp-2605__CaO\cell\mp-2605_airss_000070_converged.cif,0.004383415259586208,42
mp-2605.cif,RSS_chgnet/CHGNet_relax\mp-2605__CaO\cell\mp-2605_airss_000073_converged.cif,0.009764734984982516,43
mp-2605.cif,RSS_chgnet/CHGNet_relax\mp-2605__CaO\cell\mp-2605_airss_000074_converged.cif,0.005675092283204949,44
mp-2605.cif,RSS_chgnet/CHGNet_relax\mp-2605__CaO\cell\mp-2605_airss_000075_converged.cif,0.0074235943360163835,45
mp-2605.cif,RSS_chgnet/CHGNet_relax\mp-2605__CaO\cell\mp-2605_airss_000077_converged.cif,0.008526862737565866,46
mp-2605.cif,RSS_chgnet/CHGNet_relax\mp-2605__CaO\cell\mp-2605_airss_000079_converged.cif,0.009997889530389216,47
mp-2605.cif,RSS_chgnet/CHGNet_relax\mp-2605__CaO\cell\mp-2605_airss_000081_converged.cif,0.006227433787813763,48
mp-2605.cif,RSS_chgnet/CHGNet_relax\mp-2605__CaO\cell\mp-2605_airss_000083_converged.cif,0.0034266171186352464,49
mp-2605.cif,RSS_chgnet/CHGNet_relax\mp-2605__CaO\cell\mp-2605_airss_000087_converged.cif,0.011440636314261394,50
mp-2605.cif,RSS_chgnet/CHGNet_relax\mp-2605__CaO\cell\mp-2605_airss_000088_converged.cif,0.013770182710699025,51
mp-2605.cif,RSS_chgnet/CHGNet_relax\mp-2605__CaO\cell\mp-2605_airss_000089_converged.cif,0.006040166833970236,52
mp-2605.cif,RSS_chgnet/CHGNet_relax\mp-2605__CaO\cell\mp-2605_airss_000090_converged.cif,0.016265098948197197,53
mp-2605.cif,RSS_chgnet/CHGNet_relax\mp-2605__CaO\cell\mp-2605_airss_000096_converged.cif,0.003216866075076296,54
mp-2605.cif,RSS_chgnet/CHGNet_relax\mp-2605__CaO\cell\mp-2605_airss_000098_converged.cif,0.007327126804454096,55
mp-2605.cif,RSS_chgnet/CHGNet_relax\mp-2605__CaO\cell\mp-2605_airss_000099_converged.cif,0.006100410054307112,56
mp-406.cif,RSS_chgnet/CHGNet_relax\mp-406__CdTe\cell\mp-406_airss_000017_converged.cif,0.030138272596164188,1
mp-406.cif,RSS_chgnet/CHGNet_relax\mp-406__CdTe\cell\mp-406_airss_000035_converged.cif,0.021501819139983676,2
mp-406.cif,RSS_chgnet/CHGNet_relax\mp-406__CdTe\cell\mp-406_airss_000053_converged.cif,0.17651066851207414,3
mp-406.cif,RSS_chgnet/CHGNet_relax\mp-406__CdTe\cell\mp-406_airss_000058_converged.cif,0.01032443143737943,4
mp-406.cif,RSS_chgnet/CHGNet_relax\mp-406__CdTe\cell\mp-406_airss_000074_converged.cif,0.2708155250415148,5
mp-406.cif,RSS_chgnet/CHGNet_relax\mp-406__CdTe\cell\mp-406_airss_000087_converged.cif,0.02089250906552469,6
mp-422.cif,RSS_chgnet/CHGNet_relax\mp-422__BeS\cell\mp-422_airss_000001_converged.cif,0.002467798301810081,1
mp-422.cif,RSS_chgnet/CHGNet_relax\mp-422__BeS\cell\mp-422_airss_000005_converged.cif,0.0038639330811263113,2
mp-422.cif,RSS_chgnet/CHGNet_relax\mp-422__BeS\cell\mp-422_airss_000006_converged.cif,0.002761342772238775,3
mp-422.cif,RSS_chgnet/CHGNet_relax\mp-422__BeS\cell\mp-422_airss_000009_converged.cif,0.0026443929133249167,4
mp-422.cif,RSS_chgnet/CHGNet_relax\mp-422__BeS\cell\mp-422_airss_000011_converged.cif,0.004606704453822109,5
mp-422.cif,RSS_chgnet/CHGNet_relax\mp-422__BeS\cell\mp-422_airss_000013_converged.cif,0.0023875034420067225,6
mp-422.cif,RSS_chgnet/CHGNet_relax\mp-422__BeS\cell\mp-422_airss_000019_converged.cif,0.00460503671833795,7
mp-422.cif,RSS_chgnet/CHGNet_relax\mp-422__BeS\cell\mp-422_airss_000020_converged.cif,0.006018043602858963,8
mp-422.cif,RSS_chgnet/CHGNet_relax\mp-422__BeS\cell\mp-422_airss_000022_converged.cif,0.0016506685325777958,9
mp-422.cif,RSS_chgnet/CHGNet_relax\mp-422__BeS\cell\mp-422_airss_000023_converged.cif,0.1392657541303079,10
mp-422.cif,RSS_chgnet/CHGNet_relax\mp-422__BeS\cell\mp-422_airss_000026_converged.cif,0.009577616213909027,11
mp-422.cif,RSS_chgnet/CHGNet_relax\mp-422__BeS\cell\mp-422_airss_000027_converged.cif,0.0028082227630217217,12
mp-422.cif,RSS_chgnet/CHGNet_relax\mp-422__BeS\cell\mp-422_airss_000032_converged.cif,0.0038906822222242766,13
mp-422.cif,RSS_chgnet/CHGNet_relax\mp-422__BeS\cell\mp-422_airss_000033_converged.cif,0.005614154742240702,14
mp-422.cif,RSS_chgnet/CHGNet_relax\mp-422__BeS\cell\mp-422_airss_000035_converged.cif,0.0031363814325031485,15
mp-422.cif,RSS_chgnet/CHGNet_relax\mp-422__BeS\cell\mp-422_airss_000040_converged.cif,0.00612496863199974,16
mp-422.cif,RSS_chgnet/CHGNet_relax\mp-422__BeS\cell\mp-422_airss_000041_converged.cif,0.008501603368779333,17
mp-422.cif,RSS_chgnet/CHGNet_relax\mp-422__BeS\cell\mp-422_airss_000042_converged.cif,0.0067590307765206924,18
mp-422.cif,RSS_chgnet/CHGNet_relax\mp-422__BeS\cell\mp-422_airss_000047_converged.cif,0.0019924164323130295,19
mp-422.cif,RSS_chgnet/CHGNet_relax\mp-422__BeS\cell\mp-422_airss_000051_converged.cif,0.0056557140210254445,20
mp-422.cif,RSS_chgnet/CHGNet_relax\mp-422__BeS\cell\mp-422_airss_000064_converged.cif,0.004232836970380533,21
mp-422.cif,RSS_chgnet/CHGNet_relax\mp-422__BeS\cell\mp-422_airss_000066_converged.cif,0.007145500709247615,22
mp-422.cif,RSS_chgnet/CHGNet_relax\mp-422__BeS\cell\mp-422_airss_000067_converged.cif,0.007700287349766035,23
mp-422.cif,RSS_chgnet/CHGNet_relax\mp-422__BeS\cell\mp-422_airss_000081_converged.cif,0.002433706106914521,24
mp-422.cif,RSS_chgnet/CHGNet_relax\mp-422__BeS\cell\mp-422_airss_000083_converged.cif,0.0028283154347506574,25
mp-422.cif,RSS_chgnet/CHGNet_relax\mp-422__BeS\cell\mp-422_airss_000086_converged.cif,0.004109786641914114,26
mp-422.cif,RSS_chgnet/CHGNet_relax\mp-422__BeS\cell\mp-422_airss_000098_converged.cif,0.002536705528224704,27
mp-463.cif,RSS_chgnet/CHGNet_relax\mp-463__FK\cell\mp-463_airss_000006_converged.cif,0.03348866325494752,1
mp-463.cif,RSS_chgnet/CHGNet_relax\mp-463__FK\cell\mp-463_airss_000009_converged.cif,0.014418320004836551,2
mp-463.cif,RSS_chgnet/CHGNet_relax\mp-463__FK\cell\mp-463_airss_000012_converged.cif,0.0046939063225610094,3
mp-463.cif,RSS_chgnet/CHGNet_relax\mp-463__FK\cell\mp-463_airss_000016_converged.cif,0.032520509225959525,4
mp-463.cif,RSS_chgnet/CHGNet_relax\mp-463__FK\cell\mp-463_airss_000020_converged.cif,0.008242109214792348,5
mp-463.cif,RSS_chgnet/CHGNet_relax\mp-463__FK\cell\mp-463_airss_000028_converged.cif,0.05997976859258597,6
mp-463.cif,RSS_chgnet/CHGNet_relax\mp-463__FK\cell\mp-463_airss_000035_converged.cif,0.034383335104257166,7
mp-463.cif,RSS_chgnet/CHGNet_relax\mp-463__FK\cell\mp-463_airss_000044_converged.cif,0.009202866481216371,8
mp-463.cif,RSS_chgnet/CHGNet_relax\mp-463__FK\cell\mp-463_airss_000046_converged.cif,0.014956606480675974,9
mp-463.cif,RSS_chgnet/CHGNet_relax\mp-463__FK\cell\mp-463_airss_000047_converged.cif,0.10275435667267921,10
mp-463.cif,RSS_chgnet/CHGNet_relax\mp-463__FK\cell\mp-463_airss_000049_converged.cif,0.02791661168545596,11
mp-463.cif,RSS_chgnet/CHGNet_relax\mp-463__FK\cell\mp-463_airss_000064_converged.cif,0.042390540231004664,12
mp-463.cif,RSS_chgnet/CHGNet_relax\mp-463__FK\cell\mp-463_airss_000065_converged.cif,0.026547685712787768,13
mp-463.cif,RSS_chgnet/CHGNet_relax\mp-463__FK\cell\mp-463_airss_000070_converged.cif,0.010847666387223419,14
mp-463.cif,RSS_chgnet/CHGNet_relax\mp-463__FK\cell\mp-463_airss_000073_converged.cif,0.01113386706786211,15
mp-463.cif,RSS_chgnet/CHGNet_relax\mp-463__FK\cell\mp-463_airss_000075_converged.cif,0.020164835181591574,16
mp-463.cif,RSS_chgnet/CHGNet_relax\mp-463__FK\cell\mp-463_airss_000089_converged.cif,0.024492235470656126,17
mp-463.cif,RSS_chgnet/CHGNet_relax\mp-463__FK\cell\mp-463_airss_000092_converged.cif,0.016970767143298936,18
mp-463.cif,RSS_chgnet/CHGNet_relax\mp-463__FK\cell\mp-463_airss_000096_converged.cif,0.031324585841532714,19
mp-463.cif,RSS_chgnet/CHGNet_relax\mp-463__FK\cell\mp-463_airss_000100_converged.cif,0.013033790997574441,20
mp-672.cif,RSS_chgnet/CHGNet_relax\mp-672__Cd2S2\cell\mp-672_airss_000009_converged.cif,0.12001989315451667,1
mp-672.cif,RSS_chgnet/CHGNet_relax\mp-672__Cd2S2\cell\mp-672_airss_000010_converged.cif,0.0176141325443042,2
mp-672.cif,RSS_chgnet/CHGNet_relax\mp-672__Cd2S2\cell\mp-672_airss_000020_converged.cif,0.03377270018917613,3
mp-672.cif,RSS_chgnet/CHGNet_relax\mp-672__Cd2S2\cell\mp-672_airss_000037_converged.cif,0.020599147353154712,4
mp-672.cif,RSS_chgnet/CHGNet_relax\mp-672__Cd2S2\cell\mp-672_airss_000041_converged.cif,0.030882159677044364,5
mp-672.cif,RSS_chgnet/CHGNet_relax\mp-672__Cd2S2\cell\mp-672_airss_000042_converged.cif,0.026428502726393334,6
mp-672.cif,RSS_chgnet/CHGNet_relax\mp-672__Cd2S2\cell\mp-672_airss_000057_converged.cif,0.03744657266567131,7
mp-672.cif,RSS_chgnet/CHGNet_relax\mp-672__Cd2S2\cell\mp-672_airss_000059_converged.cif,0.01810001701006024,8
mp-672.cif,RSS_chgnet/CHGNet_relax\mp-672__Cd2S2\cell\mp-672_airss_000074_converged.cif,0.12643676118326166,9
mp-672.cif,RSS_chgnet/CHGNet_relax\mp-672__Cd2S2\cell\mp-672_airss_000083_converged.cif,0.027819633906522586,10
mp-672.cif,RSS_chgnet/CHGNet_relax\mp-672__Cd2S2\cell\mp-672_airss_000096_converged.cif,0.022767561976774233,11
mp-682.cif,RSS_chgnet/CHGNet_relax\mp-682__FNa\cell\mp-682_airss_000001_converged.cif,0.007344952398245337,1
mp-682.cif,RSS_chgnet/CHGNet_relax\mp-682__FNa\cell\mp-682_airss_000003_converged.cif,0.003352733112857418,2
mp-682.cif,RSS_chgnet/CHGNet_relax\mp-682__FNa\cell\mp-682_airss_000004_converged.cif,0.008215471570630876,3
mp-682.cif,RSS_chgnet/CHGNet_relax\mp-682__FNa\cell\mp-682_airss_000005_converged.cif,0.005112200247485287,4
mp-682.cif,RSS_chgnet/CHGNet_relax\mp-682__FNa\cell\mp-682_airss_000009_converged.cif,0.008422149075397749,5
mp-682.cif,RSS_chgnet/CHGNet_relax\mp-682__FNa\cell\mp-682_airss_000014_converged.cif,0.011284099509702609,6
mp-682.cif,RSS_chgnet/CHGNet_relax\mp-682__FNa\cell\mp-682_airss_000017_converged.cif,0.0065040599371212725,7
mp-682.cif,RSS_chgnet/CHGNet_relax\mp-682__FNa\cell\mp-682_airss_000020_converged.cif,0.003209066686768481,8
mp-682.cif,RSS_chgnet/CHGNet_relax\mp-682__FNa\cell\mp-682_airss_000025_converged.cif,0.005378385408968437,9
mp-682.cif,RSS_chgnet/CHGNet_relax\mp-682__FNa\cell\mp-682_airss_000026_converged.cif,0.005747238031179562,10
mp-682.cif,RSS_chgnet/CHGNet_relax\mp-682__FNa\cell\mp-682_airss_000027_converged.cif,0.01656423902282947,11
mp-682.cif,RSS_chgnet/CHGNet_relax\mp-682__FNa\cell\mp-682_airss_000034_converged.cif,0.010860506675124068,12
mp-682.cif,RSS_chgnet/CHGNet_relax\mp-682__FNa\cell\mp-682_airss_000035_converged.cif,0.005151823177570517,13
mp-682.cif,RSS_chgnet/CHGNet_relax\mp-682__FNa\cell\mp-682_airss_000037_converged.cif,0.002544348081550046,14
mp-682.cif,RSS_chgnet/CHGNet_relax\mp-682__FNa\cell\mp-682_airss_000038_converged.cif,0.007984100097324136,15
mp-682.cif,RSS_chgnet/CHGNet_relax\mp-682__FNa\cell\mp-682_airss_000040_converged.cif,0.01372952409111852,16
mp-682.cif,RSS_chgnet/CHGNet_relax\mp-682__FNa\cell\mp-682_airss_000043_converged.cif,0.0054269091637022555,17
mp-682.cif,RSS_chgnet/CHGNet_relax\mp-682__FNa\cell\mp-682_airss_000044_converged.cif,0.0454560679633519,18
mp-682.cif,RSS_chgnet/CHGNet_relax\mp-682__FNa\cell\mp-682_airss_000045_converged.cif,0.010908265664184708,19
mp-682.cif,RSS_chgnet/CHGNet_relax\mp-682__FNa\cell\mp-682_airss_000046_converged.cif,0.007430567438372892,20
mp-682.cif,RSS_chgnet/CHGNet_relax\mp-682__FNa\cell\mp-682_airss_000050_converged.cif,0.009186623349951595,21
mp-682.cif,RSS_chgnet/CHGNet_relax\mp-682__FNa\cell\mp-682_airss_000051_converged.cif,0.004420313720123744,22
mp-682.cif,RSS_chgnet/CHGNet_relax\mp-682__FNa\cell\mp-682_airss_000053_converged.cif,0.01066142933068129,23
mp-682.cif,RSS_chgnet/CHGNet_relax\mp-682__FNa\cell\mp-682_airss_000054_converged.cif,0.012585230997766315,24
mp-682.cif,RSS_chgnet/CHGNet_relax\mp-682__FNa\cell\mp-682_airss_000056_converged.cif,0.007211859573108318,25
mp-682.cif,RSS_chgnet/CHGNet_relax\mp-682__FNa\cell\mp-682_airss_000059_converged.cif,0.009330788437799225,26
mp-682.cif,RSS_chgnet/CHGNet_relax\mp-682__FNa\cell\mp-682_airss_000061_converged.cif,0.002440549308145835,27
mp-682.cif,RSS_chgnet/CHGNet_relax\mp-682__FNa\cell\mp-682_airss_000064_converged.cif,0.002479242474892285,28
mp-682.cif,RSS_chgnet/CHGNet_relax\mp-682__FNa\cell\mp-682_airss_000066_converged.cif,0.01153600030279454,29
mp-682.cif,RSS_chgnet/CHGNet_relax\mp-682__FNa\cell\mp-682_airss_000067_converged.cif,0.008398248703704446,30
mp-682.cif,RSS_chgnet/CHGNet_relax\mp-682__FNa\cell\mp-682_airss_000070_converged.cif,0.006815553783596419,31
mp-682.cif,RSS_chgnet/CHGNet_relax\mp-682__FNa\cell\mp-682_airss_000072_converged.cif,0.009770196403633488,32
mp-682.cif,RSS_chgnet/CHGNet_relax\mp-682__FNa\cell\mp-682_airss_000076_converged.cif,0.017324540134460786,33
mp-682.cif,RSS_chgnet/CHGNet_relax\mp-682__FNa\cell\mp-682_airss_000077_converged.cif,0.00597176935876629,34
mp-682.cif,RSS_chgnet/CHGNet_relax\mp-682__FNa\cell\mp-682_airss_000078_converged.cif,0.09386992662191422,35
mp-682.cif,RSS_chgnet/CHGNet_relax\mp-682__FNa\cell\mp-682_airss_000080_converged.cif,0.012542016024227179,36
mp-682.cif,RSS_chgnet/CHGNet_relax\mp-682__FNa\cell\mp-682_airss_000081_converged.cif,0.0013900662388604515,37
mp-682.cif,RSS_chgnet/CHGNet_relax\mp-682__FNa\cell\mp-682_airss_000084_converged.cif,0.003891687253851453,38
mp-682.cif,RSS_chgnet/CHGNet_relax\mp-682__FNa\cell\mp-682_airss_000086_converged.cif,0.018077901213588918,39
mp-682.cif,RSS_chgnet/CHGNet_relax\mp-682__FNa\cell\mp-682_airss_000088_converged.cif,0.004023640191064002,40
mp-682.cif,RSS_chgnet/CHGNet_relax\mp-682__FNa\cell\mp-682_airss_000090_converged.cif,0.010073878339699869,41
mp-682.cif,RSS_chgnet/CHGNet_relax\mp-682__FNa\cell\mp-682_airss_000091_converged.cif,0.011964662119452166,42
mp-682.cif,RSS_chgnet/CHGNet_relax\mp-682__FNa\cell\mp-682_airss_000092_converged.cif,0.0031198618183790328,43
mp-682.cif,RSS_chgnet/CHGNet_relax\mp-682__FNa\cell\mp-682_airss_000093_converged.cif,0.004892034226264768,44
mp-682.cif,RSS_chgnet/CHGNet_relax\mp-682__FNa\cell\mp-682_airss_000095_converged.cif,0.009232939994193926,45
mp-682.cif,RSS_chgnet/CHGNet_relax\mp-682__FNa\cell\mp-682_airss_000096_converged.cif,0.013011319732942202,46
mp-682.cif,RSS_chgnet/CHGNet_relax\mp-682__FNa\cell\mp-682_airss_000097_converged.cif,0.01116736680185633,47
mp-682.cif,RSS_chgnet/CHGNet_relax\mp-682__FNa\cell\mp-682_airss_000099_converged.cif,0.008026177575529507,48
mp-682.cif,RSS_chgnet/CHGNet_relax\mp-682__FNa\cell\mp-682_airss_000100_converged.cif,0.03008049719079325,49
